name,productId,console,pc,storePath,newSinceDate
1000xRESIST,9NPDN9R45JX4,true,true,1000xresist/9NPDN9R45JX4,
33 Immortals,9P8LR42PTRGJ,true,true,33-immortals/9P8LR42PTRGJ,
9 Kings (Game Preview),9NNM7PKZN3JF,false,true,9-kings-game-preview/9NNM7PKZN3JF,
A Game About Digging A Hole™,9NGLST31DG26,true,true,a-game-about-digging-a-hole/9NGLST31DG26,
A Plague Tale: Requiem,9ND0JVB184XL,true,false,a-plague-tale-requiem/9ND0JVB184XL,
A Plague Tale: Requiem - Windows,9N97RC576957,false,true,a-plague-tale-requiem-windows/9N97RC576957,
Abiotic Factor,9P4NV23Q6QC2,true,true,abiotic-factor/9P4NV23Q6QC2,
Absolum,9NR6NJ401NBS,true,true,absolum/9NR6NJ401NBS,
Abyssus,9P8NKVVB0XQJ,true,true,abyssus/9P8NKVVB0XQJ,
Age of Empires Definitive Edition,9NJWTJSVGVLJ,false,true,age-of-empires-definitive-edition/9NJWTJSVGVLJ,
Age of Empires II: Definitive Edition,9N42SSSX2MTG,true,true,-/9N42SSSX2MTG,
Age of Empires III: Definitive Edition,9N1HF804QXN4,false,true,-/9N1HF804QXN4,
Age of Empires IV: Anniversary Edition,9PHH1ZWRSZ41,true,true,age-of-empires-iv-anniversary-edition/9PHH1ZWRSZ41,
Age of Mythology: Retold,9NPKGVXPFRSX,true,true,-/9NPKGVXPFRSX,
Albion Online,9PDC9X7BKZR3,true,true,albion-online/9PDC9X7BKZR3,
Aliens: Dark Descent,9MX7DMHK13SC,true,false,aliens-dark-descent/9MX7DMHK13SC,
Aliens: Dark Descent (Windows),9N1M64W9XZQ7,false,true,aliens-dark-descent-windows/9N1M64W9XZQ7,
Aliens: Fireteam Elite,9PG28RXDG9GQ,true,true,aliens-fireteam-elite/9PG28RXDG9GQ,
Among Us,9NG07QJNK38J,true,true,among-us/9NG07QJNK38J,
An Elder Scrolls Legend: Battlespire,9MVSRJWZBG9G,false,true,an-elder-scrolls-legend-battlespire/9MVSRJWZBG9G,
ANNO : Mutationem,9PMHGHXLGLJM,true,true,anno-mutationem/9PMHGHXLGLJM,
Anno 1800™,9P1VNX9Z03N5,false,true,anno-1800/9P1VNX9Z03N5,
Anno 1800™ Console Edition,9PHKWCSZ0SQJ,true,false,anno-1800-console-edition/9PHKWCSZ0SQJ,
Another Crab's Treasure,9P97ZTRTH25W,true,true,another-crabs-treasure/9P97ZTRTH25W,
Ara History Untold: Anniversary Edition,9PDDRVKPF6KG,false,true,-/9PDDRVKPF6KG,
ARK: Survival Ascended,9P33VJGVPHVP,true,true,ark-survival-ascended/9P33VJGVPHVP,
ARK: Ultimate Survivor Edition,9N5JRWWGMS1R,true,false,ark-ultimate-survivor-edition/9N5JRWWGMS1R,
Arx Fatalis,9NXQKPGMHH9G,false,true,arx-fatalis/9NXQKPGMHH9G,
As Dusk Falls,9NR7XDNVP5SW,true,true,as-dusk-falls/9NR7XDNVP5SW,
Asphalt Legends,9NZQPT0MWTD0,true,true,asphalt-legends/9NZQPT0MWTD0,
Assassin's Creed Odyssey,BW9TWC8L4JCS,true,false,assassins-creed-odyssey/BW9TWC8L4JCS,
Assassin's Creed Origins,BZGJRJC1FGF3,true,true,assassins-creed-origins/BZGJRJC1FGF3,
Assassin's Creed Valhalla,9P4NJFH17MRT,true,false,assassins-creed-valhalla/9P4NJFH17MRT,
Assassin's Creed® Odyssey,9PDNF24PP2V2,false,true,assassins-creed-odyssey/9PDNF24PP2V2,
Assassin's Creed® Valhalla,9NJ2SFHNCCRV,false,true,assassins-creed-valhalla/9NJ2SFHNCCRV,
ASTRONEER,9NBLGGH43KZB,true,true,astroneer/9NBLGGH43KZB,
Atlas Fallen: Reign of Sand,9MVN3C4CPDT5,true,false,atlas-fallen-reign-of-sand/9MVN3C4CPDT5,
Atlas Fallen: Reign of Sand (Windows),9NCGTG3KR2W9,false,true,atlas-fallen-reign-of-sand-windows/9NCGTG3KR2W9,
Atomfall,9NC4WDL5KZBL,true,true,atomfall/9NC4WDL5KZBL,
Avowed Standard Edition,9MSVPJCHHRPR,true,true,-/9MSVPJCHHRPR,
Back to the Dawn,9PKWJSJ4NWC7,true,true,back-to-the-dawn/9PKWJSJ4NWC7,
Balatro,9PK087LNGJC5,true,true,balatro/9PK087LNGJC5,
Baldur's Gate and Baldur's Gate II: Enhanced Editions,9NCNBWZSHZR5,true,true,baldurs-gate-and-baldurs-gate-ii-enhanced-editions/9NCNBWZSHZR5,
Banishers: Ghosts of New Eden,9NKFS43DLFFL,true,true,banishers-ghosts-of-new-eden/9NKFS43DLFFL,
Banjo Kazooie: N n B,BVR64CDJ01FJ,true,false,banjo-kazooie-n-n-b/BVR64CDJ01FJ,
Banjo-Kazooie,BSJG7TTSWVJ2,true,false,banjo-kazooie/BSJG7TTSWVJ2,
Banjo-Tooie,BX27S00SKW1V,true,false,banjo-tooie/BX27S00SKW1V,
Barbie™ Horse Trails,9N21ZCV0JW6V,true,true,barbie-horse-trails/9N21ZCV0JW6V,
Batman™: Arkham Knight,BSLX1RNXR6H7,true,true,batman-arkham-knight/BSLX1RNXR6H7,
BATTLETECH,9NQVDQS2BC10,false,true,battletech/9NQVDQS2BC10,
Battletoads,9N7GCF5SGCXC,true,true,battletoads/9N7GCF5SGCXC,
Ben 10: Power Trip,9NJWFF2KHL6H,true,true,ben-10-power-trip/9NJWFF2KHL6H,
Bleeding Edge,9NX6XGVJ0J3D,true,true,bleeding-edge/9NX6XGVJ0J3D,
BLiNX: The Time Sweeper,BRG51C5MWFSG,true,true,blinx-the-time-sweeper/BRG51C5MWFSG,
Blizzard® Arcade Collection,9NZP7NKR2QWG,true,false,blizzard-arcade-collection/9NZP7NKR2QWG,
Blizzard® Arcade Collection PC,9NJRRVNZ8MRJ,false,true,blizzard-arcade-collection-pc/9NJRRVNZ8MRJ,
Blue Prince,9PFRTPRQ569Q,true,true,blue-prince/9PFRTPRQ569Q,
Bluey: The Videogame,9N2J0FGV30DX,true,true,bluey-the-videogame/9N2J0FGV30DX,
Brawlhalla,C3B1V55CDL0C,true,true,brawlhalla/C3B1V55CDL0C,
Brews & Bastards,9PPR10S4JNLV,true,true,brews-bastards/9PPR10S4JNLV,
Broken Age,BRT1K9FV4LRR,true,true,broken-age/BRT1K9FV4LRR,
Brotato,9P9VNSQK1W3K,true,true,brotato/9P9VNSQK1W3K,
Brütal Legend,C5DZFZ6NC5SQ,true,false,brutal-legend/C5DZFZ6NC5SQ,
Buckshot Roulette,9P5B8CPQ9S7F,true,true,buckshot-roulette/9P5B8CPQ9S7F,
Call of Duty®: Modern Warfare® - Digital Standard Edition,9NVQBQ3F6W9W,true,false,call-of-duty-modern-warfare-digital-standard-edition/9NVQBQ3F6W9W,
Call of Duty®: Modern Warfare® - Digital Standard Edition (Windows),9NMPDV49K4TX,false,true,call-of-duty-modern-warfare-digital-standard-edition-windows/9NMPDV49K4TX,
Call of Duty®: Modern Warfare® II - Cross-Gen Bundle,9PNGFSX7S117,true,false,-/9PNGFSX7S117,
Call of Duty®: Modern Warfare® II - Standard Edition (Windows),9P7RQ1QFFF8R,false,true,-/9P7RQ1QFFF8R,
Call of Duty®: Modern Warfare® III - Cross-Gen Bundle,9NLZZ74TFD7P,true,false,-/9NLZZ74TFD7P,
Call of Duty®: Modern Warfare® III - Standard Edition (Windows),9NDKFJ6XDX2M,false,true,-/9NDKFJ6XDX2M,
Call of Duty®: Vanguard - Cross-Gen Bundle,9PDPD158GLKD,true,false,call-of-duty-vanguard-cross-gen-bundle/9PDPD158GLKD,
Call of Duty®: Vanguard - Standard Edition,9NQQ8B4PJR25,true,true,call-of-duty-vanguard-standard-edition/9NQQ8B4PJR25,
Call of Duty®: Warzone™,9NNFG8BQRCXL,true,true,call-of-duty-warzone/9NNFG8BQRCXL,
Call of Duty®: WWII,BV0NSD4NN4V4,true,false,call-of-duty-wwii/BV0NSD4NN4V4,
Call of Duty®: WWII (Windows),9P3QS4LX8BM9,false,true,call-of-duty-wwii-windows/9P3QS4LX8BM9,
Call of the Wild: The Angler™,9NDC5LJS839S,true,true,call-of-the-wild-the-angler/9NDC5LJS839S,
Car Mechanic Simulator 2021,9NH019ZFFHTV,true,true,car-mechanic-simulator-2021/9NH019ZFFHTV,
Celeste,BWMQL2RPWBHB,true,true,celeste/BWMQL2RPWBHB,
Chivalry 2,9N7CJX93ZGWN,true,true,chivalry-2/9N7CJX93ZGWN,
Cities: Skylines - Remastered,9MZ4GBWX9GND,true,false,cities-skylines-remastered/9MZ4GBWX9GND,
Cities: Skylines - Windows 10 Edition,9NWVC7XP3PFD,false,true,cities-skylines-windows-10-edition/9NWVC7XP3PFD,
Cities: Skylines - Xbox One Edition,C4GH8N6ZXG5L,true,false,cities-skylines-xbox-one-edition/C4GH8N6ZXG5L,
Cities: Skylines II - PC Edition,9PGZ346PSLN0,false,true,cities-skylines-ii-pc-edition/9PGZ346PSLN0,
Clair Obscur: Expedition 33,9PPT8K6GQHRZ,true,true,clair-obscur-expedition-33/9PPT8K6GQHRZ,
Clone Drone in the Danger Zone,9NKHKBQJSSC3,true,true,clone-drone-in-the-danger-zone/9NKHKBQJSSC3,
CloverPit,9P8V7HR160B4,true,true,cloverpit/9P8V7HR160B4,
Commandos: Origins,9NNRCR6MBNDR,true,false,commandos-origins/9NNRCR6MBNDR,
Commandos: Origins (Win),9PDH7X3J5CZT,false,true,commandos-origins-win/9PDH7X3J5CZT,
Conker: Live and Reloaded,BVFB8CBS75R6,true,true,conker-live-and-reloaded/BVFB8CBS75R6,
Construction Simulator,9NLFZVMSQ7CC,true,true,construction-simulator/9NLFZVMSQ7CC,
Contrast,BSLTQT4L0RLV,true,false,contrast/BSLTQT4L0RLV,
Control,BZ6W9LRPC26W,true,false,control/BZ6W9LRPC26W,
Control Ultimate Edition,9P7LVXNVQ6K7,false,true,control-ultimate-edition/9P7LVXNVQ6K7,
Control Ultimate Edition - Xbox Series X|S,9P4D0K92BM7V,true,false,control-ultimate-edition-xbox-series-xs/9P4D0K92BM7V,
Cooking Simulator,9N3DKKRHSJBT,true,false,cooking-simulator/9N3DKKRHSJBT,
Cooking Simulator Windows,9PLGBZWN65RG,false,true,cooking-simulator-windows/9PLGBZWN65RG,
Costume Quest,BR74RLMH966K,true,false,costume-quest/BR74RLMH966K,
Costume Quest 2,BZ92FB6PWXFJ,true,false,costume-quest-2/BZ92FB6PWXFJ,
Crackdown 3,9NXR6469DM2P,true,true,crackdown-3/9NXR6469DM2P,
Crash Bandicoot™ 4: It’s About Time,9PMXPQ307Z5P,true,false,crash-bandicoot-4-its-about-time/9PMXPQ307Z5P,
Crash Bandicoot™ 4: It’s About Time (PC),9NMW7RJ8FP94,false,true,crash-bandicoot-4-its-about-time-pc/9NMW7RJ8FP94,
Crash Bandicoot™ N. Sane Trilogy,C27XPR5XDMFT,true,true,crash-bandicoot-n-sane-trilogy/C27XPR5XDMFT,
Crash™ Team Racing Nitro-Fueled,BQRB60PW2SDL,true,false,crash-team-racing-nitro-fueled/BQRB60PW2SDL,
Cricket 24,9PPN49GPNH5M,true,false,cricket-24/9PPN49GPNH5M,
Cricket 24: The Official Game Of The Ashes,9NKF2SZ630ZH,false,true,cricket-24-the-official-game-of-the-ashes/9NKF2SZ630ZH,
Crime Scene Cleaner,9NGZ1M3N98P2,true,true,crime-scene-cleaner/9NGZ1M3N98P2,
Crimson Skies®: High Road to Revenge™,C4B8XR1LCXR5,true,true,crimson-skies-high-road-to-revenge/C4B8XR1LCXR5,
Crusader Kings III,9MZ8RZSD0NFQ,true,true,crusader-kings-iii/9MZ8RZSD0NFQ,
Cyberpunk 2077,BX3M8L83BBRW,true,false,cyberpunk-2077/BX3M8L83BBRW,
Day of the Tentacle Remastered,9NKK6CX54183,true,true,day-of-the-tentacle-remastered/9NKK6CX54183,
DayZ,BSR9NLHVF1KL,true,true,dayz/BSR9NLHVF1KL,
Dead by Daylight,C0N22P73QZ60,true,false,dead-by-daylight/C0N22P73QZ60,
Dead by Daylight Windows,9NMS4SFNBGBH,false,true,dead-by-daylight-windows/9NMS4SFNBGBH,
Dead Cells,BQSCNS1T8PHQ,true,true,dead-cells/BQSCNS1T8PHQ,
Dead Island 2,C3L4J3H7H12R,true,false,dead-island-2/C3L4J3H7H12R,
Dead Island 2 (Windows),9N92LSHFZ935,false,true,dead-island-2-windows/9N92LSHFZ935,
Dead Static Drive,9MXWL7VJ2SJW,true,true,dead-static-drive/9MXWL7VJ2SJW,
Death Howl,9PD9SZGNCMDZ,true,true,death-howl/9PD9SZGNCMDZ,
DEATH STRANDING DIRECTOR'S CUT,9NQGN8TGNT8P,true,true,death-stranding-directors-cut/9NQGN8TGNT8P,
DEATHLOOP,9P5Z4530318L,true,true,-/9P5Z4530318L,
Deep Rock Galactic,9NHFVWX1V7QJ,true,true,deep-rock-galactic/9NHFVWX1V7QJ,
Deep Rock Galactic: Survivor,9PHGQPRBBSXK,true,true,deep-rock-galactic-survivor/9PHGQPRBBSXK,
Descenders,C37XBX7DCBZ0,true,true,descenders/C37XBX7DCBZ0,
Descenders Next (Game Preview),9N66JJQFX3RX,true,true,descenders-next-game-preview/9N66JJQFX3RX,
Diablo III: Reaper of Souls – Ultimate Evil Edition,C2R5R5P2DF3C,true,false,diablo-iii-reaper-of-souls-ultimate-evil-edition/C2R5R5P2DF3C,
Diablo®,9N16SLB6FB96,false,true,diablo/9N16SLB6FB96,
Diablo® II: Resurrected™,9NT0PNTL6B79,true,false,diablo-ii-resurrected/9NT0PNTL6B79,
Diablo® II: Resurrected™ PC,9NPSLX5HNN3H,false,true,diablo-ii-resurrected-pc/9NPSLX5HNN3H,
Diablo® III: Reaper of Souls™ – Ultimate Evil Edition PC,9N9DKMNL85XZ,false,true,diablo-iii-reaper-of-souls-ultimate-evil-edition-pc/9N9DKMNL85XZ,
Diablo® IV - Standard Edition,9N8117TM8JL3,true,false,diablo-iv-standard-edition/9N8117TM8JL3,
Diablo® IV PC,9N0H62KZ3BXV,false,true,diablo-iv-pc/9N0H62KZ3BXV,
Disco Elysium - The Final Cut,9NTRS771L8HL,true,true,disco-elysium-the-final-cut/9NTRS771L8HL,
Dishonored 2,BSZM480TSWGP,true,true,dishonored-2/BSZM480TSWGP,
Dishonored® Definitive Edition,C299QVC2BSJF,true,false,dishonored-definitive-edition/C299QVC2BSJF,
Dishonored® Definitive Edition (PC),9P1N07XDL1D4,false,true,dishonored-definitive-edition-pc/9P1N07XDL1D4,
Dishonored®: Death of the Outsider™,C5F2XDQPPJKZ,true,false,dishonored-death-of-the-outsider/C5F2XDQPPJKZ,
Dishonored®: Death of the Outsider™ (PC),9MVF0PGV94F7,false,true,dishonored-death-of-the-outsider-pc/9MVF0PGV94F7,
Disney Dreamlight Valley,9NSF0BGH8D86,true,true,disney-dreamlight-valley/9NSF0BGH8D86,
Disneyland Adventures,9N6Z8DQXSQWH,true,true,disneyland-adventures/9N6Z8DQXSQWH,
Dome Keeper,9P8XKV2D5DZ5,true,true,dome-keeper/9P8XKV2D5DZ5,
Donut County,9N6V2181GHLM,true,true,donut-county/9N6V2181GHLM,
DOOM,C3QH42WRGM3R,true,false,doom/C3QH42WRGM3R,
DOOM + DOOM II,9P46M5JQ2PTF,true,true,doom-doom-ii/9P46M5JQ2PTF,
DOOM 3,9NSL68D814GC,true,true,doom-3/9NSL68D814GC,
DOOM 64,9MXND4PQLK3W,true,true,doom-64/9MXND4PQLK3W,
DOOM Eternal Standard Edition,9P5S26314HWQ,true,false,-/9P5S26314HWQ,
DOOM Eternal Standard Edition (PC),9PK09BL31FK1,false,true,-/9PK09BL31FK1,
DOOM: The Dark Ages,9PH9X0760B0T,true,true,-/9PH9X0760B0T,
DRAGON BALL XENOVERSE 2,BX03760D0QGN,true,true,dragon-ball-xenoverse-2/BX03760D0QGN,
DreamWorks Gabby’s Dollhouse: Ready to Party,9NFQ1XMXDLN6,true,true,dreamworks-gabbys-dollhouse-ready-to-party/9NFQ1XMXDLN6,
DREDGE,9MSVVM5NS9L6,true,true,dredge/9MSVVM5NS9L6,
Drop Duchy - Complete Edition,9NXVPTB0FXSZ,true,true,drop-duchy-complete-edition/9NXVPTB0FXSZ,
Easy Delivery Co.,9PDC8J1BSV8B,true,true,easy-delivery-co/9PDC8J1BSV8B,
Elite Dangerous Standard Edition,C3LW50BQJ878,true,false,elite-dangerous-standard-edition/C3LW50BQJ878,
Enlisted,9NHKL695M9F2,true,true,enlisted/9NHKL695M9F2,
Enlisted Xbox One,9PF432CVQBXT,true,false,enlisted-xbox-one/9PF432CVQBXT,
Escape Simulator,9NKBDN695GTT,true,true,escape-simulator/9NKBDN695GTT,
Escape the Backrooms,9MW15L8FRT9P,true,true,escape-the-backrooms/9MW15L8FRT9P,
Eternal Strands,9NNKJNRKFT0G,true,true,eternal-strands/9NNKJNRKFT0G,
Evil West,9MW581HCJPM6,true,false,evil-west/9MW581HCJPM6,
Evil West (Windows),9PC49MD70881,false,true,evil-west-windows/9PC49MD70881,
Fable Anniversary,C2Q32JM0BPZL,true,false,fable-anniversary/C2Q32JM0BPZL,
Fable II,C2WKJJ9F5936,true,false,fable-ii/C2WKJJ9F5936,
Fable III,BR46KM4D5B9L,true,false,fable-iii/BR46KM4D5B9L,
Fallout,9N42CT1J5WGW,false,true,fallout/9N42CT1J5WGW,
Fallout 2,9P1JS86M9SXH,false,true,fallout-2/9P1JS86M9SXH,
Fallout 3,C29HQ887KH4B,true,false,fallout-3/C29HQ887KH4B,
Fallout 3: Game of the Year Edition,9NBZ9JF6TFMD,false,true,fallout-3-game-of-the-year-edition/9NBZ9JF6TFMD,
Fallout 4,C3KLDKZBHNCZ,true,true,fallout-4/C3KLDKZBHNCZ,
Fallout 76,BS6WJ2L56B10,true,false,-/BS6WJ2L56B10,
Fallout 76 (PC),9NKGNMNK3K3Z,false,true,-/9NKGNMNK3K3Z,
Fallout Tactics,9NDV7FRVD7ML,false,true,fallout-tactics/9NDV7FRVD7ML,
Fallout: New Vegas,BX3JNK07Z6QK,true,false,fallout-new-vegas/BX3JNK07Z6QK,
Fallout: New Vegas Ultimate Edition,9MZR11JRF7BX,false,true,fallout-new-vegas-ultimate-edition/9MZR11JRF7BX,
FAR CRY 4,9MVV32Z0JPCL,false,true,far-cry-4/9MVV32Z0JPCL,
Far Cry New Dawn,9NWX420Z2NLG,false,true,far-cry-new-dawn/9NWX420Z2NLG,
Far Cry® 4,C0KJ40T9QD86,true,false,far-cry-4/C0KJ40T9QD86,
Far Cry® 5,BR7X7MVBBQKM,true,true,far-cry-5/BR7X7MVBBQKM,
Far Cry® 6,9PJ45NJCHSFS,false,true,far-cry-6/9PJ45NJCHSFS,
Far Cry® New Dawn,C1DDW4PRF6K5,true,false,far-cry-new-dawn/C1DDW4PRF6K5,
FARCRY 6,9PBNGCVBGML0,true,false,farcry-6/9PBNGCVBGML0,
Farming Simulator 25,9NMCDQ6RCJKH,true,false,farming-simulator-25/9NMCDQ6RCJKH,
Farming Simulator 25 (PC),9PM709J61828,false,true,farming-simulator-25-pc/9PM709J61828,
FBC: Firebreak,9PDCN8Z4HKRN,true,true,fbc-firebreak/9PDCN8Z4HKRN,
FINAL FANTASY,9P20JCF7BV93,true,true,final-fantasy/9P20JCF7BV93,
FINAL FANTASY II,9P8S1MN4066K,true,true,final-fantasy-ii/9P8S1MN4066K,
FINAL FANTASY III,9NWDPFPPK30V,true,true,final-fantasy-iii/9NWDPFPPK30V,
FINAL FANTASY IV,9N8C07SS8C9D,true,true,final-fantasy-iv/9N8C07SS8C9D,
FINAL FANTASY V,9N9C8SV0S16W,true,true,final-fantasy-v/9N9C8SV0S16W,
FINAL FANTASY VI,9N255K81XBD3,true,true,final-fantasy-vi/9N255K81XBD3,
Firefighting Simulator - The Squad,9NBZ7Z3JRXQ8,true,true,firefighting-simulator-the-squad/9NBZ7Z3JRXQ8,
Firewatch,BQQKG9H2STC0,true,true,firewatch/BQQKG9H2STC0,
FixForce,9N7MVHP2R7VP,true,true,fixforce/9N7MVHP2R7VP,
Football Manager 26,9PD0Z90216RJ,false,true,football-manager-26/9PD0Z90216RJ,
Football Manager 26 Console,9NMNZ4CK59DM,true,true,football-manager-26-console/9NMNZ4CK59DM,
FOR HONOR,9P82LXD5RH31,false,true,for-honor/9P82LXD5RH31,
FOR HONOR - Standard Edition,9N3DWR830CVN,true,false,for-honor-standard-edition/9N3DWR830CVN,
FOR HONOR : MARCHING FIRE EDITION,C4CBF3FHHCND,true,false,for-honor-marching-fire-edition/C4CBF3FHHCND,
For The King II,9NVC9KWJVLT0,true,true,for-the-king-ii/9NVC9KWJVLT0,
Forza Horizon 5 Standard Edition,9NKX70BBCDRN,true,true,-/9NKX70BBCDRN,
Forza Motorsport Standard Edition,9PLKVSWR299F,true,true,-/9PLKVSWR299F,
FragPunk,9MW715J1P29D,true,true,fragpunk/9MW715J1P29D,
Frostpunk 2,9N0KN24FWP6B,true,true,frostpunk-2/9N0KN24FWP6B,
Full Throttle Remastered,9P3ZRGNQVC7D,true,true,full-throttle-remastered/9P3ZRGNQVC7D,
Fuzion Frenzy®,C2P985H1H42H,true,true,fuzion-frenzy/C2P985H1H42H,
Gang Beasts,BPQZT43FWD49,true,true,gang-beasts/BPQZT43FWD49,
Gears 5 Game of the Year Edition,9P4KMR76PLLQ,true,true,-/9P4KMR76PLLQ,
Gears of War,BPN08ZDRPSFK,true,false,-/BPN08ZDRPSFK,
Gears of War 2,C1SDBNRFXT1D,true,false,-/C1SDBNRFXT1D,
Gears of War 3,BPKDQSSFQ9WV,true,false,-/BPKDQSSFQ9WV,
Gears of War 4,9NBLGGH4PBBM,true,true,-/9NBLGGH4PBBM,
Gears of War: Judgment,BSHMMGRP84N4,true,false,-/BSHMMGRP84N4,
Gears of War: Reloaded,9P8PS6993LSL,true,true,-/9P8PS6993LSL,
Gears of War: Ultimate Edition,BQT21VXFS52F,true,false,-/BQT21VXFS52F,
Gears of War: Ultimate Edition for Windows 10,9NBLGGH3SHM5,false,true,gears-of-war-ultimate-edition-for-windows-10/9NBLGGH3SHM5,
Gears Tactics,9NN3HCKW5TPC,true,true,-/9NN3HCKW5TPC,
Generation Zero®,C20WW4W29FQ1,true,true,generation-zero/C20WW4W29FQ1,
Genesis Noir,9PHK9D8CLQCG,true,false,genesis-noir/9PHK9D8CLQCG,
Genesis Noir: Windows Edition,9MWGGC7JH35B,false,true,genesis-noir-windows-edition/9MWGGC7JH35B,
Genshin Impact,9N7TFFRRZCC9,true,false,genshin-impact/9N7TFFRRZCC9,
Ghostwire: Tokyo,9PKP39CL0C8D,true,true,ghostwire-tokyo/9PKP39CL0C8D,
GOALS,9PF2ZS4XB4JH,true,true,goals/9PF2ZS4XB4JH,
Goat Simulator 3,9NMB4T25W817,true,false,goat-simulator-3/9NMB4T25W817,
Goat Simulator 3: Windows Edition,9PDS2N82QNXG,false,true,goat-simulator-3-windows-edition/9PDS2N82QNXG,
Goat Simulator 3: Xbox One Edition,9NL3468NRPBG,true,false,goat-simulator-3-xbox-one-edition/9NL3468NRPBG,
GoldenEye 007,9N6639H7VGH4,true,false,-/9N6639H7VGH4,
Great God Grove,9N36BLQF3FX6,true,true,great-god-grove/9N36BLQF3FX6,
Grim Fandango Remastered,9PC288TN7R8K,true,true,grim-fandango-remastered/9PC288TN7R8K,
Grounded,9PJTHRNVH62H,true,true,-/9PJTHRNVH62H,
Hades,9P8DL6W0JBB8,true,true,hades/9P8DL6W0JBB8,
Hades II,9PCR3Z2MSM4T,true,true,hades-ii/9PCR3Z2MSM4T,
Halls of Torment,9NMNMS626R59,true,true,halls-of-torment/9NMNMS626R59,
Halo 5: Guardians,BRRC2BP0G9P0,true,false,halo-5-guardians/BRRC2BP0G9P0,
Halo Infinite,9NP1P1WFS0LB,true,true,-/9NP1P1WFS0LB,
Halo Wars 2: Standard Edition,C42KCJCLX6MX,true,true,halo-wars-2-standard-edition/C42KCJCLX6MX,
Halo Wars: Definitive Edition,BPRPQSKXTD1L,true,false,halo-wars-definitive-edition/BPRPQSKXTD1L,
Halo: Spartan Assault,BV0K9LMLQ9W5,true,true,halo-spartan-assault/BV0K9LMLQ9W5,
Halo: Spartan Strike,9WZDNCRFJBFJ,false,true,halo-spartan-strike/9WZDNCRFJBFJ,
Halo: The Master Chief Collection,9MT8PTGVHX2P,true,true,-/9MT8PTGVHX2P,
Hell is Us,9N9097G0XZMB,true,true,hell-is-us/9N9097G0XZMB,
Hellblade II: Senua's Saga,9PMBB7NGHV95,true,true,-/9PMBB7NGHV95,
Hellblade: Senua's Sacrifice,C4Z7QM8FSXM2,true,true,hellblade-senuas-sacrifice/C4Z7QM8FSXM2,
Herdling,9NNHK7K8RV9C,true,true,herdling/9NNHK7K8RV9C,
Heroes of the Storm™,9PBRN7JS4XPC,false,true,heroes-of-the-storm/9PBRN7JS4XPC,
Hi-Fi RUSH,9NFTC552K3GJ,true,true,hi-fi-rush/9NFTC552K3GJ,
High On Life,9NL4714VTLRS,true,true,high-on-life/9NL4714VTLRS,
Hogwarts Legacy,9MT5NJ5W7B8Z,true,true,hogwarts-legacy/9MT5NJ5W7B8Z,
Hogwarts Legacy Xbox One Version,9NK4NTBFWW81,true,false,hogwarts-legacy-xbox-one-version/9NK4NTBFWW81,
Hollow Knight: Silksong,9N116V0599HB,true,true,hollow-knight-silksong/9N116V0599HB,
Hollow Knight: Voidheart Edition,9MW9469V91LM,true,true,hollow-knight-voidheart-edition/9MW9469V91LM,
House Flipper,9NBFGKQLMV33,true,true,house-flipper/9NBFGKQLMV33,
Human Fall Flat,BSMZH25V6V46,true,true,human-fall-flat/BSMZH25V6V46,
I Am Your Beast,9PF9FQGH89WM,true,true,i-am-your-beast/9PF9FQGH89WM,
Immortals Fenyx Rising™,C07KJZRH0L7S,true,true,immortals-fenyx-rising/C07KJZRH0L7S,
Indiana Jones and the Great Circle,9N8FQ28Z6QX3,true,true,-/9N8FQ28Z6QX3,
INDIKA,9N020KFQG301,true,true,indika/9N020KFQG301,
Inscryption,9P8NSTDMZ11P,true,true,inscryption/9P8NSTDMZ11P,
INSIDE,C17GQF31D617,true,true,inside/C17GQF31D617,
Iron Brigade,BTKN78H28RPV,true,false,iron-brigade/BTKN78H28RPV,
Jetpac Refuelled,BRRVN5198461,true,false,jetpac-refuelled/BRRVN5198461,
Joy Ride Turbo,C1ZWH2BZ9TSF,true,false,joy-ride-turbo/C1ZWH2BZ9TSF,
Jurassic World Evolution 3,9NX7HCWL13Z9,true,true,jurassic-world-evolution-3/9NX7HCWL13Z9,
Kabuto Park,9NM4WQ7TTH3J,true,true,kabuto-park/9NM4WQ7TTH3J,
Kameo,BV83SM3191S5,true,false,kameo/BV83SM3191S5,
KILL IT WITH FIRE! 2,9MXHL3TT792F,true,true,kill-it-with-fire-2/9MXHL3TT792F,
Killer Instinct 2 Classic,C2HDBXXNXT7R,true,false,killer-instinct-2-classic/C2HDBXXNXT7R,
Killer Instinct Classic,BX8FPDDRCLWT,true,false,killer-instinct-classic/BX8FPDDRCLWT,
Killer Instinct: Anniversary Edition,9N2HB4MWG7HM,true,true,killer-instinct-anniversary-edition/9N2HB4MWG7HM,
Kingdom Come: Deliverance,BNBWFH89FCF1,true,true,kingdom-come-deliverance/BNBWFH89FCF1,
Kingdom Come: Deliverance II,9N4W31HSMVVD,true,true,kingdom-come-deliverance-ii/9N4W31HSMVVD,
Kingdom Two Crowns,BWT2GPVWCH2F,true,true,kingdom-two-crowns/BWT2GPVWCH2F,
Lara Croft and the Guardian of Light,BX7XFZ51XTW8,true,false,lara-croft-and-the-guardian-of-light/BX7XFZ51XTW8,
Lara Croft and the Guardian of Light (PC),9NS37Q75LBCG,false,true,lara-croft-and-the-guardian-of-light-pc/9NS37Q75LBCG,
Lara Croft and the Temple of Osiris,C3553MB4P5TT,true,true,lara-croft-and-the-temple-of-osiris/C3553MB4P5TT,
League of Legends,9PB301R051CQ,false,true,league-of-legends/9PB301R051CQ,
Legend of Mana,9P2S2QVRB97N,true,true,legend-of-mana/9P2S2QVRB97N,
Legends of Runeterra,9P9XGNFNF11R,false,true,legends-of-runeterra/9P9XGNFNF11R,
LEGO® Star Wars™: The Skywalker Saga,BRMKDCZT0C4L,true,true,lego-star-wars-the-skywalker-saga/BRMKDCZT0C4L,
Like a Dragon: Infinite Wealth,9P00SVGWDJCP,true,true,like-a-dragon-infinite-wealth/9P00SVGWDJCP,
Like a Dragon: Pirate Yakuza in Hawaii,9P1303FCXW6X,true,true,like-a-dragon-pirate-yakuza-in-hawaii/9P1303FCXW6X,
LIMBO,BTQMHK78ZPF9,true,true,limbo/BTQMHK78ZPF9,
"Little Kitty, Big City",9NF5S7MLM8XT,true,true,little-kitty-big-city/9NF5S7MLM8XT,
Little Nightmares Enhanced Edition,9N8Q6DRTG22H,true,true,little-nightmares-enhanced-edition/9N8Q6DRTG22H,
Little Nightmares II Enhanced Edition,C1H74N0TR8KT,true,false,little-nightmares-ii-enhanced-edition/C1H74N0TR8KT,
Little Nightmares II Enhanced Edition - Windows,9PBM67RXX3V8,false,true,little-nightmares-ii-enhanced-edition-windows/9PBM67RXX3V8,
Little Rocket Lab,9N3M5D5ZSW34,true,true,little-rocket-lab/9N3M5D5ZSW34,
Lost Records: Bloom & Rage,9N3F1LW9HC6C,true,true,lost-records-bloom-rage/9N3F1LW9HC6C,
Manor Lords (Game Preview),9P5F966564FS,false,true,manor-lords-game-preview/9P5F966564FS,
Mass Effect,BV5N90RDT0SH,true,false,mass-effect/BV5N90RDT0SH,
MASSIVE CHALICE,C2484ZR2BWNQ,true,false,massive-chalice/C2484ZR2BWNQ,
MAVRIX by Matt Jones,9NZX67J81X6F,true,true,mavrix-by-matt-jones/9NZX67J81X6F,
Max: The Curse of Brotherhood,C0SFCF4PBRSZ,true,false,max-the-curse-of-brotherhood/C0SFCF4PBRSZ,
MechWarrior 5: Clans,9P9FJCK32PMT,true,true,mechwarrior-5-clans/9P9FJCK32PMT,
MechWarrior 5: Mercenaries,9PB86W3JK8Z5,true,true,mechwarrior-5-mercenaries/9PB86W3JK8Z5,
Medieval Dynasty,9PDDP6ML6XHF,true,true,medieval-dynasty/9PDDP6ML6XHF,
Medieval Dynasty (Xbox One),9N2PS831S84N,true,false,medieval-dynasty-xbox-one/9N2PS831S84N,
Microsoft Bubble,9NM8GHT6CXN4,false,true,microsoft-bubble/9NM8GHT6CXN4,
Microsoft Flight Simulator (2020) Standard 40th Anniversary Edition,9PMQDM08SNK9,true,true,-/9PMQDM08SNK9,
Microsoft Flight Simulator 2024 - Standard Edition,9P2VGCTBMM52,true,true,-/9P2VGCTBMM52,
Microsoft Jewel,9NC9M1NCZ7SD,false,true,microsoft-jewel/9NC9M1NCZ7SD,
Microsoft Mahjong,9WZDNCRFHWCP,false,true,microsoft-mahjong/9WZDNCRFHWCP,
Microsoft Solitaire Collection,9WZDNCRFHWD2,false,true,microsoft-solitaire-collection/9WZDNCRFHWD2,
Minecraft,9MVXMVT8ZKWC,true,false,-/9MVXMVT8ZKWC,
Minecraft Dungeons,9N8NJ74FZTG9,true,false,-/9N8NJ74FZTG9,
Minecraft Dungeons for Windows + Launcher,9NB6BVL3MTG4,false,true,minecraft-dungeons-for-windows-launcher/9NB6BVL3MTG4,
Minecraft Legends,9NF0D13RPX5L,true,false,minecraft-legends/9NF0D13RPX5L,
Minecraft Legends for Windows + Launcher,9NM395CH685J,false,true,minecraft-legends-for-windows-launcher/9NM395CH685J,
Minecraft Preview,9NQ19C36R0VD,true,false,minecraft-preview/9NQ19C36R0VD,
Minecraft Preview for Windows,9P5X4QVLC2XR,false,true,minecraft-preview-for-windows/9P5X4QVLC2XR,
Minecraft: Java & Bedrock Edition for PC,9NXP44L49SHJ,false,true,-/9NXP44L49SHJ,
Minishoot' Adventures,9N5PKH0KW2L1,true,true,minishoot-adventures/9N5PKH0KW2L1,
Monster Sanctuary,9MZNS9NZ97PF,true,false,monster-sanctuary/9MZNS9NZ97PF,
Monster Sanctuary (Windows Version),9PBWWQGXVMKC,false,true,monster-sanctuary-windows-version/9PBWWQGXVMKC,
Monster Train 2,9NJC29JG70LM,true,true,monster-train-2/9NJC29JG70LM,
Moonlighter,9P8XJRLCLH2P,true,true,moonlighter/9P8XJRLCLH2P,
Mortal Kombat™ 1,9N7271QN4SGB,true,true,mortal-kombat-1/9N7271QN4SGB,
Mount & Blade II: Bannerlord,9PDHWZ7X3P03,true,true,mount-blade-ii-bannerlord/9PDHWZ7X3P03,
Moving Out 2,9P88K6NQW12H,true,true,moving-out-2/9P88K6NQW12H,
MULLET MADJACK,9PG8TV30NN9H,true,true,mullet-madjack/9PG8TV30NN9H,
My Friend Peppa Pig,9NDJLXD2X2DM,true,true,my-friend-peppa-pig/9NDJLXD2X2DM,
My Friendly Neighborhood,9MWV1MV9LWF4,true,true,my-friendly-neighborhood/9MWV1MV9LWF4,
NARAKA: BLADEPOINT,9P8SQQJ5T94B,true,true,naraka-bladepoint/9P8SQQJ5T94B,
NBA 2K26 for Xbox One,9PP9PFSCJTWR,true,false,nba-2k26-for-xbox-one/9PP9PFSCJTWR,
NBA 2K26 for Xbox Series X|S,9NFKCJNBR34N,true,false,nba-2k26-for-xbox-series-xs/9NFKCJNBR34N,
NBA 2K26 Standard Edition (Windows PC),9N2FJQC9NTX6,false,true,nba-2k26-standard-edition-windows-pc/9N2FJQC9NTX6,
Neon Abyss,9NC781DK18GN,true,true,neon-abyss/9NC781DK18GN,
New Super Lucky's Tale,9MZN3SMXN824,true,true,new-super-luckys-tale/9MZN3SMXN824,
Ni no Kuni Wrath of the White Witch™ Remastered,9P7SL78VHVMF,true,true,ni-no-kuni-wrath-of-the-white-witch-remastered/9P7SL78VHVMF,
Ni no Kuni™ II: Revenant Kingdom - The Prince's Edition,9N732VFPMWKT,true,true,ni-no-kuni-ii-revenant-kingdom-the-princes-edition/9N732VFPMWKT,
Nickelodeon All-Star Brawl 2,9PN0LC4CNLPT,true,true,nickelodeon-all-star-brawl-2/9PN0LC4CNLPT,
Nine Sols,9N3LGKGF3CC2,true,true,nine-sols/9N3LGKGF3CC2,
NINJA GAIDEN 2 Black,9N51FH42VQDS,true,true,ninja-gaiden-2-black/9N51FH42VQDS,
NINJA GAIDEN: Ragebound,9PGFSLP8GWQK,true,true,ninja-gaiden-ragebound/9PGFSLP8GWQK,
No Man's Sky,BQVQTL3PCH05,true,true,no-mans-sky/BQVQTL3PCH05,
One Lonely Outpost,9NRCM30L6GRQ,true,true,one-lonely-outpost/9NRCM30L6GRQ,
Ori and the Blind Forest: Definitive Edition,BW85KQB8Q31M,true,true,ori-and-the-blind-forest-definitive-edition/BW85KQB8Q31M,
Ori and the Will of the Wisps,9N8CD0XZKLP4,true,true,-/9N8CD0XZKLP4,
Overcooked! 2,BVJLKDG2TX8H,true,true,overcooked-2/BVJLKDG2TX8H,
Overthrown,9MT5KSV3RCWD,true,true,overthrown/9MT5KSV3RCWD,
Overwatch®,C1C4DZJPBC2V,true,false,-/C1C4DZJPBC2V,
Overwatch® PC,9P36DQX6W9CS,false,true,overwatch-pc/9P36DQX6W9CS,
Pacific Drive,9PNKG0WBL61W,true,true,pacific-drive/9PNKG0WBL61W,
Palworld,9NKV34XDW014,true,true,palworld/9NKV34XDW014,
Pax Dei,9PHGK0538TXM,false,true,pax-dei/9PHGK0538TXM,
PBA Pro Bowling 2026,9PJRQHMCFQGS,true,true,pba-pro-bowling-2026/9PJRQHMCFQGS,
Pentiment,9NX6K9HN4F4K,true,true,pentiment/9NX6K9HN4F4K,
Perfect Dark,C0SWGV4560W1,true,false,perfect-dark/C0SWGV4560W1,
Perfect Dark Zero,BZF7N4FQWHNR,true,false,perfect-dark-zero/BZF7N4FQWHNR,
Persona 5 Royal,9NZDHXL9SJJ8,true,true,persona-5-royal/9NZDHXL9SJJ8,
Phoenix Point,9P1P5Q3BNM7J,true,true,phoenix-point/9P1P5Q3BNM7J,
Pigeon Simulator,9NRHQLZX3900,true,true,pigeon-simulator/9NRHQLZX3900,
Pillars of Eternity 2: Deadfire - Ultimate Edition (PC),9N8N7NZSVTG3,false,true,pillars-of-eternity-2-deadfire-ultimate-edition-pc/9N8N7NZSVTG3,
Pillars of Eternity II: Deadfire - Ultimate Edition,9PJD2KMX7TZ6,true,false,pillars-of-eternity-ii-deadfire-ultimate-edition/9PJD2KMX7TZ6,
Pillars of Eternity: Complete Edition,BS34VNW7H61F,true,false,pillars-of-eternity-complete-edition/BS34VNW7H61F,
Pillars of Eternity: Definitive Edition,9N1P6T7ZQ2KF,false,true,pillars-of-eternity-definitive-edition/9N1P6T7ZQ2KF,
Planet Coaster 2,9PK5WS0HXQKQ,true,true,planet-coaster-2/9PK5WS0HXQKQ,
PlateUp!,9P2HHT3VS7MP,true,true,plateup/9P2HHT3VS7MP,
Police Simulator: Patrol Officers,9P0NPLQ9P1DB,true,true,police-simulator-patrol-officers/9P0NPLQ9P1DB,
Prey,BQMVWCMB8P59,true,true,prey/BQMVWCMB8P59,
Psychonauts,C5HHPG1TXDNG,true,false,psychonauts/C5HHPG1TXDNG,
Psychonauts (Windows 10),9NCT87FKQ4GM,false,true,psychonauts-windows-10/9NCT87FKQ4GM,
Psychonauts 2,9NBR2VXT87SJ,true,true,psychonauts-2/9NBR2VXT87SJ,
Quake,9P1Z43KRNQD4,true,true,quake/9P1Z43KRNQD4,
Quake 4,9P2JXK37PFLZ,false,true,quake-4/9P2JXK37PFLZ,
Quake II,9P7L9H478GGV,true,true,quake-ii/9P7L9H478GGV,
Quake III Arena,9NWNLS28ZG37,false,true,quake-iii-arena/9NWNLS28ZG37,
Quantum Break,BPNDKQN84N6L,true,false,quantum-break/BPNDKQN84N6L,
Quarantine Zone: The Last Check,9P9446P7D9TZ,true,true,quarantine-zone-the-last-check/9P9446P7D9TZ,
RAGE,BR27BSZ2M3SR,true,false,rage/BR27BSZ2M3SR,
RAGE 2,C2DCJ95ZXBMS,true,false,rage-2/C2DCJ95ZXBMS,
RAGE 2 (PC),9P2J7WHV0K4N,false,true,rage-2-pc/9P2J7WHV0K4N,
Rain World,9PNPFBPLGCMW,true,true,rain-world/9PNPFBPLGCMW,
Rare Replay,C22T53SQ7FLM,true,false,rare-replay/C22T53SQ7FLM,
ReCore,9NBLGGH1Z6FQ,true,true,recore/9NBLGGH1Z6FQ,
Redfall,9P8JRMWRQP4H,true,true,redfall/9P8JRMWRQP4H,
Relic Hunters Legend,9P81K2C8RBF4,true,true,relic-hunters-legend/9P81K2C8RBF4,
REMATCH,9N5K7HWXL4Q6,true,true,rematch/9N5K7HWXL4Q6,
Remnant II® - Standard Edition,9P9278ZMGQLJ,true,true,remnant-ii-standard-edition/9P9278ZMGQLJ,
RESIDENT EVIL 2,BWMH951M3G3P,true,true,-/BWMH951M3G3P,
RESIDENT EVIL 3 for Windows,9P7T44TTDL7M,false,true,resident-evil-3-for-windows/9P7T44TTDL7M,
RESIDENT EVIL 3 for Xbox,BW3T6SNS15BH,true,false,resident-evil-3-for-xbox/BW3T6SNS15BH,
RESIDENT EVIL 7 biohazard,BVFDTJ1XF6CS,true,true,resident-evil-7-biohazard/BVFDTJ1XF6CS,
Resident Evil Village,9N2S04LGXXH4,true,true,-/9N2S04LGXXH4,
Retro Classics,9MTVJ3HHTQGS,true,true,retro-classics/9MTVJ3HHTQGS,
Return to Castle Wolfenstein,9N1WT4X26SHW,false,true,return-to-castle-wolfenstein/9N1WT4X26SHW,
Riders Republic Standard Edition,9NZ4T5RFD7KF,false,true,riders-republic-standard-edition/9NZ4T5RFD7KF,
Riders Republic™,9P1RPXHWZ1C7,true,false,riders-republic/9P1RPXHWZ1C7,
Rise of Nations: Extended Edition,9NS84HCWZD8B,false,true,rise-of-nations-extended-edition/9NS84HCWZD8B,
RoadCraft,9N4J937WLFPZ,true,true,roadcraft/9N4J937WLFPZ,
RoboCop: Rogue City,9PKF2LDFPXTN,true,true,robocop-rogue-city/9PKF2LDFPXTN,
Roboquest,9P47S7NJGWZL,true,true,roboquest/9P47S7NJGWZL,
Rush: A DisneyPixar Adventure,9P3PL76N0KWZ,true,true,rush-a-disneypixar-adventure/9P3PL76N0KWZ,
RV There Yet?,9MW79BJVF3QX,true,true,rv-there-yet/9MW79BJVF3QX,
Ryse: Legendary Edition,C4F7ZHLN6B2J,true,false,ryse-legendary-edition/C4F7ZHLN6B2J,
ScreamRide,BQ4M1XWXFKHB,true,false,screamride/BQ4M1XWXFKHB,
Sea of Thieves: 2026 Edition,9P2N57MC619K,true,true,-/9P2N57MC619K,
Shadowrun Returns,9N6PHQ93Z451,true,false,shadowrun-returns/9N6PHQ93Z451,
Shadowrun Returns PC,9NF0RBL8SZL6,false,true,shadowrun-returns-pc/9NF0RBL8SZL6,
Shadowrun: Dragonfall - Director's Cut,9PKJTP6DTND3,true,false,shadowrun-dragonfall-directors-cut/9PKJTP6DTND3,
Shadowrun: Dragonfall - Director's Cut PC,9NMCRMS6WN78,false,true,shadowrun-dragonfall-directors-cut-pc/9NMCRMS6WN78,
Shadowrun: Hong Kong - Extended Edition,9N7V5R3VLMJZ,true,false,shadowrun-hong-kong-extended-edition/9N7V5R3VLMJZ,
Shadowrun: Hong Kong - Extended Edition PC,9NK2DT3K7DTF,false,true,shadowrun-hong-kong-extended-edition-pc/9NK2DT3K7DTF,
Sifu,9P7PF6ZP3958,true,true,sifu/9P7PF6ZP3958,
SMITE 2 (Game Preview),9NV8W1KJSQLL,true,true,smite-2-game-preview/9NV8W1KJSQLL,
Sniper Elite: Resistance,9MXRG5GCRPXZ,true,true,sniper-elite-resistance/9MXRG5GCRPXZ,
SnowRunner,9PNRSC0J6DT8,true,false,snowrunner/9PNRSC0J6DT8,
SnowRunner - Windows,9NP6WL1XQDBW,false,true,snowrunner-windows/9NP6WL1XQDBW,
SOPA - Tale of the Stolen Potato,9N221ZTFGQB0,true,true,sopa-tale-of-the-stolen-potato/9N221ZTFGQB0,
South of Midnight,9NJCVGS6T30K,true,true,-/9NJCVGS6T30K,
South Park™: The Fractured but Whole™,C4VLMWJWM7BG,true,true,south-park-the-fractured-but-whole/C4VLMWJWM7BG,
Spiritfarer®: Farewell Edition,9NG5L58FD3X5,true,true,spiritfarer-farewell-edition/9NG5L58FD3X5,
SpongeBob SquarePants™: The Patrick Star Game,9NMF3KXT4P4G,true,true,spongebob-squarepants-the-patrick-star-game/9NMF3KXT4P4G,
Spyro™ Reignited Trilogy,BWHFZNSL0PB5,true,true,spyro-reignited-trilogy/BWHFZNSL0PB5,
Stacking,C042M8GWKS34,true,false,stacking/C042M8GWKS34,
Star Trucker,9MT19Q3CRMQZ,true,true,star-trucker/9MT19Q3CRMQZ,
StarCraft® II Campaign Collection,9PB7921QZ087,false,true,starcraft-ii-campaign-collection/9PB7921QZ087,
StarCraft® Remastered,9N2GWLMCHJTN,false,true,starcraft-remastered/9N2GWLMCHJTN,
Stardew Valley,C3D891Z6TNQM,true,true,stardew-valley/C3D891Z6TNQM,
Starfield,9NCJSXWZTP88,true,true,-/9NCJSXWZTP88,
State of Decay 2: Juggernaut Edition,9NT4X7P8B9NB,true,true,-/9NT4X7P8B9NB,
State of Decay: Year-One,C5JGRR1LFVW8,true,false,state-of-decay-year-one/C5JGRR1LFVW8,
Sunset Overdrive,BRZHFR5XBLQS,true,true,sunset-overdrive/BRZHFR5XBLQS,
Super Lucky's Tale,9PLMGFWCFZ9G,true,true,super-luckys-tale/9PLMGFWCFZ9G,
Superball,9N4M72L6KGC8,true,true,superball/9N4M72L6KGC8,
SUPERHOT: MIND CONTROL DELETE,9NRH78B682L8,true,true,superhot-mind-control-delete/9NRH78B682L8,
Superliminal,9NVR4ZQKNBSB,true,true,superliminal/9NVR4ZQKNBSB,
Supermarket Simulator,9NR0GCBSLDW4,true,true,supermarket-simulator/9NR0GCBSLDW4,
SWORN,9MWDJRQ1BXTC,true,true,sworn/9MWDJRQ1BXTC,
Symphonia 𝄞,9NBLHDB0WLHZ,true,true,symphonia/9NBLHDB0WLHZ,
Tamashika,9P43RGDPJ62T,true,true,tamashika/9P43RGDPJ62T,
TCG Card Shop Simulator (Game Preview),9P9GX5D8H9DW,true,true,tcg-card-shop-simulator-game-preview/9P9GX5D8H9DW,
Teamfight Tactics,9N464X6CT772,false,true,teamfight-tactics/9N464X6CT772,
Tell Me Why: Chapters 1-3,9NF83PRZK6K3,true,true,tell-me-why-chapters-1-3/9NF83PRZK6K3,
Tempopo,9P6X0VL8BXZF,true,true,tempopo/9P6X0VL8BXZF,
Terminull Brigade™,9MW1V43D3VZN,true,true,terminull-brigade/9MW1V43D3VZN,
Terraria,BTNPS60N3114,true,false,terraria/BTNPS60N3114,
The Alters,9N0P25WJHM8C,true,true,the-alters/9N0P25WJHM8C,
The Bard's Tale ARPG : Remastered and Resnarkled,9PN3VDFTB5HZ,true,true,the-bards-tale-arpg-remastered-and-resnarkled/9PN3VDFTB5HZ,
The Bard's Tale IV: Director's Cut,C2B4T86TXLRS,true,true,the-bards-tale-iv-directors-cut/C2B4T86TXLRS,
The Bard's Tale Trilogy,9MVN4ND41DD3,true,true,the-bards-tale-trilogy/9MVN4ND41DD3,
The Casting of Frank Stone™,9PG0PMB5Q0GT,true,true,the-casting-of-frank-stone/9PG0PMB5Q0GT,
The Cave,BTBWBGKPKS97,true,false,the-cave/BTBWBGKPKS97,
The Elder Scrolls Adventures: Redguard,9PFXKRLVWJ0B,false,true,the-elder-scrolls-adventures-redguard/9PFXKRLVWJ0B,
The Elder Scrolls III: Morrowind,BXVCFBJBNS17,true,false,the-elder-scrolls-iii-morrowind/BXVCFBJBNS17,
The Elder Scrolls III: Morrowind Game of the Year Edition (PC),9PP7XSG5LDH1,false,true,the-elder-scrolls-iii-morrowind-game-of-the-year-edition-pc/9PP7XSG5LDH1,
The Elder Scrolls IV: Oblivion,C5K89TFLSV19,true,false,the-elder-scrolls-iv-oblivion/C5K89TFLSV19,
The Elder Scrolls IV: Oblivion Game of the Year Edition (PC) – 2009,9P2J5D12GJL5,false,true,the-elder-scrolls-iv-oblivion-game-of-the-year-edition-pc-2009/9P2J5D12GJL5,
The Elder Scrolls IV: Oblivion Remastered,9NQR437K7PQH,true,true,-/9NQR437K7PQH,
The Elder Scrolls Online: Standard Edition,BRKX5CRMRTC2,true,true,-/BRKX5CRMRTC2,
The Elder Scrolls V: Skyrim Special Edition,BQ1W1T1FC14W,true,false,-/BQ1W1T1FC14W,
The Elder Scrolls V: Skyrim Special Edition (PC),9P03JGQ4S1GC,false,true,-/9P03JGQ4S1GC,
The Evil Within,C2M8HBNVPT1T,true,false,the-evil-within/C2M8HBNVPT1T,
The Evil Within (PC),9MX8R81JW1B5,false,true,the-evil-within-pc/9MX8R81JW1B5,
The Evil Within® 2,C40860J5R2MP,true,false,the-evil-within-2/C40860J5R2MP,
The Evil Within® 2 (PC),9NT0NT8JQMQN,false,true,the-evil-within-2-pc/9NT0NT8JQMQN,
THE FINALS,9PGD71CMDS0Z,true,true,the-finals/9PGD71CMDS0Z,
The First Descendant,9P8FBXKMCLWC,true,true,the-first-descendant/9P8FBXKMCLWC,
The Gunk,9P008L2LS87F,true,true,the-gunk/9P008L2LS87F,
The Long Dark,C41ZDFQ82M1G,true,true,the-long-dark/C41ZDFQ82M1G,
The Outer Worlds,BVTKN6CQ8W5F,true,false,the-outer-worlds/BVTKN6CQ8W5F,
The Outer Worlds: Spacer's Choice Edition,9NM50L0DXX1W,true,false,the-outer-worlds-spacers-choice-edition/9NM50L0DXX1W,
The Outer Worlds: Spacer’s Choice Edition,9NG2F1Q062VV,false,true,the-outer-worlds-spacers-choice-edition/9NG2F1Q062VV,
The Planet Crafter,9N072VV7MFK7,true,true,the-planet-crafter/9N072VV7MFK7,
The Talos Principle 2,9N7P8GVMF6SS,true,true,the-talos-principle-2/9N7P8GVMF6SS,
The Thaumaturge,9MZZZCHZ26NK,true,true,the-thaumaturge/9MZZZCHZ26NK,
The Walking Dead: A New Frontier - The Complete Season (Episodes 1-5),BQR7QS0F8SJ3,true,false,the-walking-dead-a-new-frontier-the-complete-season-episodes-1-5/BQR7QS0F8SJ3,
The Walking Dead: Michonne - The Complete Season,C2XNJC9WK15X,true,false,the-walking-dead-michonne-the-complete-season/C2XNJC9WK15X,
The Walking Dead: Season Two,C2DQXX0CB42F,true,false,the-walking-dead-season-two/C2DQXX0CB42F,
The Walking Dead: The Complete First Season,BW6B077FCH11,true,false,the-walking-dead-the-complete-first-season/BW6B077FCH11,
The Walking Dead: The Final Season - The Complete Season,C0VQBXFNZ1Q0,true,false,the-walking-dead-the-final-season-the-complete-season/C0VQBXFNZ1Q0,
The Witcher 3: Wild Hunt – Complete Edition,C261457LCNMJ,true,false,the-witcher-3-wild-hunt-complete-edition/C261457LCNMJ,
theHunter: Call of the Wild™,BXBJQ1932138,true,false,thehunter-call-of-the-wild/BXBJQ1932138,
theHunter: Call of the Wild™ - Windows 10,9NQV7C0G1040,false,true,thehunter-call-of-the-wild-windows-10/9NQV7C0G1040,
Tiny Bookshop,9ND19JDMBS3R,true,true,tiny-bookshop/9ND19JDMBS3R,
to a T,9NM6NMBJ7ZK4,true,true,to-a-t/9NM6NMBJ7ZK4,
Tom Clancy's Ghost Recon Wildlands,C2N9CS4FS1QR,true,false,tom-clancys-ghost-recon-wildlands/C2N9CS4FS1QR,
Tom Clancy’s Ghost Recon Wildlands,9P85NL6T3DHP,false,true,tom-clancys-ghost-recon-wildlands/9P85NL6T3DHP,
Tom Clancy's Rainbow Six Siege - Elite Edition,9PB3RHWXB9MR,true,false,tom-clancys-rainbow-six-siege-elite-edition/9PB3RHWXB9MR,
Tom Clancy's Rainbow Six® Siege - Elite Edition,9NCZ8W65H33V,false,true,tom-clancys-rainbow-six-siege-elite-edition/9NCZ8W65H33V,
Tom Clancy’s The Division 2,BVQ3V30ZXVT5,true,true,tom-clancys-the-division-2/BVQ3V30ZXVT5,
Tony Hawk's™ Pro Skater™ 3 + 4 - Cross-Gen Edition,9N926481VT1Z,true,true,-/9N926481VT1Z,
Torment: Tides of Numenera,BQND4NQXFFV2,true,true,torment-tides-of-numenera/BQND4NQXFFV2,
Total Chaos,9PHTX5QZ035T,true,true,total-chaos/9PHTX5QZ035T,
Totally Accurate Battle Simulator,9PC4RWP34M2D,true,true,totally-accurate-battle-simulator/9PC4RWP34M2D,
Totally Reliable Delivery Service,9NZG72SH3H4W,true,true,totally-reliable-delivery-service/9NZG72SH3H4W,
Towerborne,9P7TLX79S7N7,true,true,-/9P7TLX79S7N7,
Trailmakers,9NSFGM8J6MBJ,true,true,trailmakers/9NSFGM8J6MBJ,
Train Sim World® 5: Standard Edition,9N9FR8CSZP56,true,true,train-sim-world-5-standard-edition/9N9FR8CSZP56,
Trepang2,9NCDMPCPDTQF,true,true,trepang2/9NCDMPCPDTQF,
TRIALS of MANA,9NHMR19TS1M0,true,true,trials-of-mana/9NHMR19TS1M0,
TUNIC,9NLRT31Z4RWM,true,true,tunic/9NLRT31Z4RWM,
Undisputed,9NQ6Z171XZX8,true,true,undisputed/9NQ6Z171XZX8,
VALORANT,9N1NLJK9SKRN,true,false,-/9N1NLJK9SKRN,
VALORANT PC,9NKCCHCFTHV2,false,true,-/9NKCCHCFTHV2,
Vampire Survivors,9PD5BM2Z8C4L,true,true,vampire-survivors/9PD5BM2Z8C4L,
Visions of Mana,9NJ5WV40PD08,true,true,visions-of-mana/9NJ5WV40PD08,
Viva Piñata,BSXSL6WBJ0V7,true,false,viva-pinata/BSXSL6WBJ0V7,
Viva Piñata: TIP,BS1NPTPJGD4G,true,false,viva-pinata-tip/BS1NPTPJGD4G,
Voidtrain,9NQMVR9WL9FW,true,true,voidtrain/9NQMVR9WL9FW,
War Thunder,BX1DTCBD1HXJ,true,true,war-thunder/BX1DTCBD1HXJ,
Warcraft® I: Remastered,9PK7TLLPD7GV,false,true,warcraft-i-remastered/9PK7TLLPD7GV,
Warcraft® II: Remastered,9NM7J25GMDHP,false,true,warcraft-ii-remastered/9NM7J25GMDHP,
Warcraft® III: Reforged,9NWB9PL1L2PQ,false,true,warcraft-iii-reforged/9NWB9PL1L2PQ,
"Warhammer 40,000: Darktide",9NT3WC6RKBVQ,true,true,warhammer-40000-darktide/9NT3WC6RKBVQ,
"Warhammer 40,000: Rogue Trader",9P30BFHZ1BKN,true,true,warhammer-40000-rogue-trader/9P30BFHZ1BKN,
"Warhammer 40,000: Space Marine 2",9N9PCZWHVP2L,true,true,warhammer-40000-space-marine-2/9N9PCZWHVP2L,
Warhammer: Vermintide 2,BXZWT67JBZJH,true,false,warhammer-vermintide-2/BXZWT67JBZJH,
Wartales,9NWQ686JB33G,true,true,wartales/9NWQ686JB33G,
Wasteland 2: Director's Cut,C521HDXRTS7F,true,true,wasteland-2-directors-cut/C521HDXRTS7F,
Wasteland 3,BQ9T0JF0D3L4,true,false,wasteland-3/BQ9T0JF0D3L4,
Wasteland 3 (PC),9NLT5XR52ZS7,false,true,wasteland-3-pc/9NLT5XR52ZS7,
Wasteland Remastered,9NGH1FK0RJGL,true,true,wasteland-remastered/9NGH1FK0RJGL,
Watch Dogs®: Legion,C1WRX8ZD77M9,true,true,watch-dogs-legion/C1WRX8ZD77M9,
Watch Dogs®2,BSXLFN5QQZSC,true,true,watch-dogs2/BSXLFN5QQZSC,
We Happy Few,BPR2TBS2KMQJ,true,true,we-happy-few/BPR2TBS2KMQJ,
Wheel World,9NGCFDHR2MV3,true,true,wheel-world/9NGCFDHR2MV3,
Where Winds Meet,9N76QGDS5GJR,true,true,where-winds-meet/9N76QGDS5GJR,
Whiskerwood (Game Preview),9NM2T0DMP4XV,false,true,whiskerwood-game-preview/9NM2T0DMP4XV,
Wildgate,9N6VS1BMZ3BW,true,true,wildgate/9N6VS1BMZ3BW,
Winds of Arcana: Ruination,9P1ZW5K4S44V,true,true,winds-of-arcana-ruination/9P1ZW5K4S44V,
Winter Burrow,9ND3HTTQ0GKB,true,true,winter-burrow/9ND3HTTQ0GKB,
Wo Long: Fallen Dynasty,9N9X9PC8V9CP,true,true,wo-long-fallen-dynasty/9N9X9PC8V9CP,
Wobbly Life,9NS86BQ33SPX,true,true,wobbly-life/9NS86BQ33SPX,
Wolfenstein 3D,9P7Z1D3N8KR7,false,true,wolfenstein-3d/9P7Z1D3N8KR7,
Wolfenstein II: Standard Edition,9NDBKK9G0FHL,false,true,wolfenstein-ii-standard-edition/9NDBKK9G0FHL,
Wolfenstein: The New Order,BT9FFLG51VVG,true,false,wolfenstein-the-new-order/BT9FFLG51VVG,
Wolfenstein: The New Order (PC),9P75CBJ9WT9W,false,true,wolfenstein-the-new-order-pc/9P75CBJ9WT9W,
Wolfenstein: The Old Blood,BPV4GXTDCNSH,true,false,wolfenstein-the-old-blood/BPV4GXTDCNSH,
Wolfenstein: The Old Blood (PC),9PBB4QHMSDKR,false,true,wolfenstein-the-old-blood-pc/9PBB4QHMSDKR,
Wolfenstein: Youngblood,C421ZX7RCG0W,true,false,wolfenstein-youngblood/C421ZX7RCG0W,
Wolfenstein: Youngblood (PC),9PHFTS44F99K,false,true,wolfenstein-youngblood-pc/9PHFTS44F99K,
Wolfenstein® II: The New Colossus™,C4LLMHFQ1BXQ,true,false,wolfenstein-ii-the-new-colossus/C4LLMHFQ1BXQ,
World of Tanks Modern Armor,C57L9GR0HHB7,true,false,world-of-tanks-modern-armor/C57L9GR0HHB7,
World of Tanks: HEAT,9N11JM7F5CXK,true,true,world-of-tanks-heat/9N11JM7F5CXK,
World of Warships,9NK9K07FDPJV,false,true,world-of-warships/9NK9K07FDPJV,
World of Warships: Legends,C1ZT6N30L1WH,true,true,world-of-warships-legends/C1ZT6N30L1WH,
World War Z: Aftermath,9PLCL2VB2SC0,true,true,world-war-z-aftermath/9PLCL2VB2SC0,
Wreckfest,BRJNRZ9N734V,true,true,wreckfest/BRJNRZ9N734V,
WUCHANG: Fallen Feathers,9NPRHD8GQKQS,true,true,wuchang-fallen-feathers/9NPRHD8GQKQS,
Wuthering Waves,9P41GS5W1C6L,true,true,wuthering-waves/9P41GS5W1C6L,
Zenless Zone Zero,9N4X0WFZ2STM,true,false,zenless-zone-zero/9N4X0WFZ2STM,
Zombie Army 4: Dead War,9PLSCHRN5715,true,true,zombie-army-4-dead-war/9PLSCHRN5715,
Zoo Tycoon: Ultimate Animal Collection,9PJ06TZX4NMH,true,true,zoo-tycoon-ultimate-animal-collection/9PJ06TZX4NMH,
