name,productId,console,pc,cloud,category,storePath,newSinceDate
1000xRESIST,9NPDN9R45JX4,true,true,true,Premium,-/9NPDN9R45JX4,
33 Immortals,9P8LR42PTRGJ,true,true,true,Premium,-/9P8LR42PTRGJ,
9 Kings (Game Preview),9NNM7PKZN3JF,false,true,false,Premium,-/9NNM7PKZN3JF,
A Game About Digging A Hole™,9NGLST31DG26,true,true,true,Premium,-/9NGLST31DG26,
A Plague Tale: Requiem,9ND0JVB184XL,true,false,true,Premium,-/9ND0JVB184XL,
A Plague Tale: Requiem - Windows,9N97RC576957,false,true,false,Premium,-/9N97RC576957,
A Way Out,BWVBNCMF22ZK,true,true,false,EA Play,-/BWVBNCMF22ZK,
Abiotic Factor,9P4NV23Q6QC2,true,true,true,Premium,-/9P4NV23Q6QC2,
Absolum,9NR6NJ401NBS,true,true,true,Premium,-/9NR6NJ401NBS,
Abyssus,9P8NKVVB0XQJ,true,true,true,Premium,-/9P8NKVVB0XQJ,
Aerial_Knight's DropShot,9P59J86GHDGL,true,true,true,Premium,-/9P59J86GHDGL,
Age of Empires Definitive Edition,9NJWTJSVGVLJ,false,true,false,Premium,-/9NJWTJSVGVLJ,
Age of Empires II: Definitive Edition,9N42SSSX2MTG,true,true,true,Premium,-/9N42SSSX2MTG,
Age of Empires III: Definitive Edition,9P91FNMH1GG0,false,true,false,Premium,-/9P91FNMH1GG0,2026-08-14
Age of Empires IV: Anniversary Edition,9PHH1ZWRSZ41,true,true,true,Premium,-/9PHH1ZWRSZ41,
Age of Mythology: Retold,9NPKGVXPFRSX,true,true,true,Premium,-/9NPKGVXPFRSX,
Albion Online,9PDC9X7BKZR3,true,true,true,Premium,-/9PDC9X7BKZR3,
Alice: Madness Returns,BSNZHRCKC13J,true,false,false,EA Play,-/BSNZHRCKC13J,
Alice: Madness Returns™,9NPVC7S5ZZ7R,false,true,false,EA Play,-/9NPVC7S5ZZ7R,
Aliens: Dark Descent,9MX7DMHK13SC,true,false,true,Premium,-/9MX7DMHK13SC,
Aliens: Dark Descent (Windows),9N1M64W9XZQ7,false,true,false,Premium,-/9N1M64W9XZQ7,
Among Us,9NG07QJNK38J,true,true,true,Essential,-/9NG07QJNK38J,
An Elder Scrolls Legend: Battlespire,9MVSRJWZBG9G,false,true,false,Premium,-/9MVSRJWZBG9G,
ANNO : Mutationem,9PMHGHXLGLJM,true,true,true,Premium,-/9PMHGHXLGLJM,
Anno 1800™,9P1VNX9Z03N5,false,true,false,Premium,-/9P1VNX9Z03N5,
Anno 1800™ Console Edition,9PHKWCSZ0SQJ,true,false,true,Premium,-/9PHKWCSZ0SQJ,
Another Crab's Treasure,9P97ZTRTH25W,true,true,true,Premium,-/9P97ZTRTH25W,
Aphelion,9NK8947Z28XL,true,true,true,Ultimate Exclusive,-/9NK8947Z28XL,
Ara History Untold: Anniversary Edition,9PDDRVKPF6KG,false,true,false,Premium,-/9PDDRVKPF6KG,
ARK: Survival Ascended,9P33VJGVPHVP,true,true,true,Premium,-/9P33VJGVPHVP,
ARK: Ultimate Survivor Edition,9N5JRWWGMS1R,true,true,true,Premium,-/9N5JRWWGMS1R,
Army of Two™,C1LM235H6FZ1,true,false,false,EA Play,-/C1LM235H6FZ1,
Arx Fatalis,9NXQKPGMHH9G,false,true,false,Premium,-/9NXQKPGMHH9G,
As Dusk Falls,9NR7XDNVP5SW,true,true,true,Premium,-/9NR7XDNVP5SW,
Ascend to ZERO,9NHCT85MKHCV,true,true,true,Ultimate Exclusive,-/9NHCT85MKHCV,
Asphalt Legends,9NZQPT0MWTD0,true,true,true,Premium,-/9NZQPT0MWTD0,
Assassin's Creed 2,9NN1M88HL5M6,false,true,false,Ubisoft+ Classics,-/9NN1M88HL5M6,
Assassin's Creed Brotherhood,9PGMNX4HG2C7,false,true,false,Ubisoft+ Classics,-/9PGMNX4HG2C7,
Assassin's Creed Chronicles – Russia,9MZHXGGM7HDJ,false,true,false,Ubisoft+ Classics,-/9MZHXGGM7HDJ,
Assassin's Creed Chronicles – Trilogy,C4HB1XWT02DK,true,false,false,Ubisoft+ Classics,-/C4HB1XWT02DK,
Assassin's Creed Chronicles : China,9PJPZK79N5VG,false,true,false,Ubisoft+ Classics,-/9PJPZK79N5VG,
Assassin’s Creed Chronicles: India,9N0QFT016SGV,false,true,false,Ubisoft+ Classics,-/9N0QFT016SGV,
Assassin's Creed Freedom Cry - Standalone,9MZ1GSWX2G53,false,true,false,Ubisoft+ Classics,-/9MZ1GSWX2G53,
Assassin's Creed IV Black Flag,BRKMHZX1RCF2,true,false,true,Ubisoft+ Classics,-/BRKMHZX1RCF2,
Assassin’s Creed IV Black Flag - Gold Edition,9NVZ03XT8S2P,false,true,false,Ubisoft+ Classics,-/9NVZ03XT8S2P,
Assassin's Creed Odyssey,BW9TWC8L4JCS,true,false,true,Premium,-/BW9TWC8L4JCS,
Assassin's Creed Origins,BZGJRJC1FGF3,true,true,true,Premium,-/BZGJRJC1FGF3,
Assassin's Creed Revelations,9MZG3KH0PVZC,false,true,false,Ubisoft+ Classics,-/9MZG3KH0PVZC,
Assassin's Creed Rogue,9NV01PJJLXN2,false,true,false,Ubisoft+ Classics,-/9NV01PJJLXN2,
Assassin's Creed Syndicate,BXVQ8M4J9HNM,true,false,true,Ubisoft+ Classics,-/BXVQ8M4J9HNM,
Assassin’s Creed Syndicate,9PHPDGTRVGGL,false,true,false,Ubisoft+ Classics,-/9PHPDGTRVGGL,
Assassin's Creed Unity,BRQH27C9RGXS,true,true,true,Ubisoft+ Classics,-/BRQH27C9RGXS,
Assassin's Creed Valhalla,9P4NJFH17MRT,true,false,true,Premium,-/9P4NJFH17MRT,
Assassin's Creed® Chronicles: China,BZQQ7HX8PZ05,true,false,true,Ubisoft+ Classics,-/BZQQ7HX8PZ05,
Assassin's Creed® Chronicles: India,BTMS1PXLQ6P6,true,false,true,Ubisoft+ Classics,-/BTMS1PXLQ6P6,
Assassin's Creed® Chronicles: Russia,BXQQQQ8HRBSF,true,false,true,Ubisoft+ Classics,-/BXQQQQ8HRBSF,
Assassin's Creed® III Remastered,BPMJ413V6BB2,true,true,true,Ubisoft+ Classics,-/BPMJ413V6BB2,
Assassin’s Creed® Mirage,9NZCJF5VF1NV,true,true,true,Ubisoft+ Classics,-/9NZCJF5VF1NV,
Assassin's Creed® Odyssey,9PDNF24PP2V2,false,true,false,Premium,-/9PDNF24PP2V2,
Assassin’s Creed® Rogue Remastered,BWT5L9P3L60X,true,false,true,Ubisoft+ Classics,-/BWT5L9P3L60X,
Assassin's Creed® The Ezio Collection,BQ9S8ZKCT3Q7,true,false,true,Ubisoft+ Classics,-/BQ9S8ZKCT3Q7,
Assassin's Creed® Valhalla,9NJ2SFHNCCRV,false,true,false,Premium,-/9NJ2SFHNCCRV,
ASTRONEER,9NBLGGH43KZB,true,true,true,Essential,-/9NBLGGH43KZB,
Atomfall,9NC4WDL5KZBL,true,true,true,Premium,-/9NC4WDL5KZBL,
Avatar: Frontiers of Pandora,9N21G14CVS5L,false,true,false,Ubisoft+ Classics,-/9N21G14CVS5L,
Avatar: Frontiers of Pandora™,9N9QJG4S82B5,true,false,true,Ubisoft+ Classics,-/9N9QJG4S82B5,
Avowed Standard Edition,9MSVPJCHHRPR,true,true,true,Premium,-/9MSVPJCHHRPR,
Balatro,9PK087LNGJC5,true,true,true,Premium,-/9PK087LNGJC5,
Baldur's Gate and Baldur's Gate II: Enhanced Editions,9NCNBWZSHZR5,true,true,true,Premium,-/9NCNBWZSHZR5,
BALL x PIT,9MWXF3SRD7QN,true,true,true,Premium,-/9MWXF3SRD7QN,
Banishers: Ghosts of New Eden,9NKFS43DLFFL,true,true,true,Premium,-/9NKFS43DLFFL,
Banjo Kazooie: N n B,BVR64CDJ01FJ,true,false,true,Premium,-/BVR64CDJ01FJ,
Banjo-Kazooie,BSJG7TTSWVJ2,true,false,true,Premium,-/BSJG7TTSWVJ2,
Banjo-Tooie,BX27S00SKW1V,true,false,true,Premium,-/BX27S00SKW1V,
Barbie™ Horse Trails,9N21ZCV0JW6V,true,true,true,Premium,-/9N21ZCV0JW6V,
Batman™: Arkham Knight,BSLX1RNXR6H7,true,true,true,Essential,-/BSLX1RNXR6H7,
Battlefield 3 Premium Edition,9N8D2CG0K9LL,false,true,false,EA Play,-/9N8D2CG0K9LL,
Battlefield 3™,BRN6BHDHB58J,true,false,false,EA Play,-/BRN6BHDHB58J,
Battlefield 4,BP15SF17LH13,true,false,true,EA Play,-/BP15SF17LH13,
Battlefield 4™ Premium Edition,9NPSWGMTPRVW,false,true,false,EA Play,-/9NPSWGMTPRVW,
Battlefield™ 1 Revolution,BPL68T0XK96W,true,true,true,EA Play,-/BPL68T0XK96W,
Battlefield™ 2042,9N8C8L9MVQ89,false,true,false,EA Play,-/9N8C8L9MVQ89,
Battlefield™ 2042 Xbox One,9PD5BFNZ4V7K,true,false,false,EA Play,-/9PD5BFNZ4V7K,
Battlefield™ 2042 Xbox Series X|S,9P0T51BDDWVT,true,false,true,EA Play,-/9P0T51BDDWVT,
Battlefield™ Hardline,BZKZFMQG2K2K,true,false,false,EA Play,-/BZKZFMQG2K2K,
Battlefield™ Hardline Ultimate Edition,9N40901WDQJD,false,true,false,EA Play,-/9N40901WDQJD,
Battlefield™ V,BZ2N7TQ0XCF2,true,false,true,EA Play,-/BZ2N7TQ0XCF2,
Battlefield™ V Year 2 Edition,9PDH3TB5548T,false,true,false,EA Play,-/9PDH3TB5548T,
BATTLETECH,9NQVDQS2BC10,false,true,false,Premium,-/9NQVDQS2BC10,
Battletoads,9N7GCF5SGCXC,true,true,true,Essential,-/9N7GCF5SGCXC,
Beast of Reincarnation,9NXWSWBM4H6T,true,true,true,Ultimate Exclusive,-/9NXWSWBM4H6T,2026-08-04
Beastro,9NJRSC0B0K88,true,true,true,Ultimate Exclusive,-/9NJRSC0B0K88,
Beatdown City Survivors,9N4X39HZ1CSQ,true,true,true,Ultimate Exclusive,-/9N4X39HZ1CSQ,
Bejeweled 2,BTXM0C9C3B1S,true,false,false,EA Play,-/BTXM0C9C3B1S,
Bejeweled 3,BR7QJW8V9L2S,true,false,false,EA Play,-/BR7QJW8V9L2S,
Ben 10: Power Trip,9NJWFF2KHL6H,true,true,true,Premium,-/9NJWFF2KHL6H,
Black Jacket,9NTXGKBW2HSM,true,true,true,Ultimate Exclusive,-/9NTXGKBW2HSM,
BLACK™,BTCS0LP052HL,true,false,false,EA Play,-/BTCS0LP052HL,
BlazBlue Entropy Effect X,9N8H4RRSRV2S,true,true,true,Premium,-/9N8H4RRSRV2S,
Bleeding Edge,9NX6XGVJ0J3D,true,true,true,Premium,-/9NX6XGVJ0J3D,
BLiNX: The Time Sweeper,BRG51C5MWFSG,true,true,true,Essential,-/BRG51C5MWFSG,
Blizzard® Arcade Collection,9NZP7NKR2QWG,true,false,true,Premium,-/9NZP7NKR2QWG,
Blizzard® Arcade Collection PC,9NJRRVNZ8MRJ,false,true,false,Premium,-/9NJRRVNZ8MRJ,
Blood Dungeon,9MSVBF0KZFVW,true,true,true,Ultimate Exclusive,-/9MSVBF0KZFVW,2026-08-26
Blue Prince,9PFRTPRQ569Q,true,true,true,Premium,-/9PFRTPRQ569Q,
Bluey: The Videogame,9N2J0FGV30DX,true,true,true,Premium,-/9N2J0FGV30DX,
Bounty Star,9P66TM1HLGLX,true,true,true,Premium,-/9P66TM1HLGLX,
Brawlhalla,C3B1V55CDL0C,true,true,true,Premium,-/C3B1V55CDL0C,
Brews & Bastards,9PPR10S4JNLV,true,true,true,Premium,-/9PPR10S4JNLV,
Broken Age,BRT1K9FV4LRR,true,true,true,Premium,-/BRT1K9FV4LRR,
Brotato,9P9VNSQK1W3K,true,true,true,Premium,-/9P9VNSQK1W3K,
Brütal Legend,C5DZFZ6NC5SQ,true,false,true,Premium,-/C5DZFZ6NC5SQ,
Buckshot Roulette,9P5B8CPQ9S7F,true,true,true,Premium,-/9P5B8CPQ9S7F,
Burnout™ Paradise Remastered,BQMQ3K1BLV1T,true,true,false,EA Play,-/BQMQ3K1BLV1T,
Call of Duty®: Black Ops 6 - Cross-Gen Bundle,9N1N0NQNGK9W,true,false,true,Ultimate Exclusive,-/9N1N0NQNGK9W,
Call of Duty®: Black Ops 6 - Standard Edition (Windows),9MZ1RZTJTZKB,false,true,false,Ultimate Exclusive,-/9MZ1RZTJTZKB,
Call of Duty®: Black Ops 7 - Cross-Gen Bundle,9N8KMNW6942X,true,true,true,Ultimate Exclusive,-/9N8KMNW6942X,
Call of Duty®: Modern Warfare® - Digital Standard Edition,9NVQBQ3F6W9W,true,false,true,Premium,-/9NVQBQ3F6W9W,
Call of Duty®: Modern Warfare® - Digital Standard Edition (Windows),9NMPDV49K4TX,false,true,false,Premium,-/9NMPDV49K4TX,
Call of Duty®: Modern Warfare® II - Cross-Gen Bundle,9PNGFSX7S117,true,false,true,Premium,-/9PNGFSX7S117,
Call of Duty®: Modern Warfare® II - Standard Edition (Windows),9P7RQ1QFFF8R,false,true,false,Premium,-/9P7RQ1QFFF8R,
Call of Duty®: Modern Warfare® III - Cross-Gen Bundle,9NLZZ74TFD7P,true,false,true,Premium,-/9NLZZ74TFD7P,
Call of Duty®: Modern Warfare® III - Standard Edition (Windows),9NDKFJ6XDX2M,false,true,false,Premium,-/9NDKFJ6XDX2M,
Call of Duty®: Vanguard - Cross-Gen Bundle,9PDPD158GLKD,true,false,false,Premium,-/9PDPD158GLKD,
Call of Duty®: Vanguard - Standard Edition,9NQQ8B4PJR25,true,true,true,Premium,-/9NQQ8B4PJR25,
Call of Duty®: Warzone™,9NNFG8BQRCXL,true,true,true,Premium,-/9NNFG8BQRCXL,
Call of Duty®: WWII,BV0NSD4NN4V4,true,false,false,Premium,-/BV0NSD4NN4V4,
Call of Duty®: WWII (Windows),9P3QS4LX8BM9,false,true,false,Premium,-/9P3QS4LX8BM9,
Call of the Elder Gods,9PF697TG7PP7,true,true,true,Ultimate Exclusive,-/9PF697TG7PP7,
Call of the Wild: The Angler™,9NDC5LJS839S,true,true,true,Premium,-/9NDC5LJS839S,
Car Mechanic Simulator 2021,9NH019ZFFHTV,true,true,true,Premium,-/9NH019ZFFHTV,
Child of Light,BQ9Q620NC614,true,true,true,Ubisoft+ Classics,-/BQ9Q620NC614,
Chivalry 2,9N7CJX93ZGWN,true,true,true,Essential,-/9N7CJX93ZGWN,
Cities: Skylines - Remastered,9MZ4GBWX9GND,true,false,true,Essential,-/9MZ4GBWX9GND,
Cities: Skylines - Windows 10 Edition,9NWVC7XP3PFD,false,true,false,Essential,-/9NWVC7XP3PFD,
Cities: Skylines - Xbox One Edition,C4GH8N6ZXG5L,true,false,true,Essential,-/C4GH8N6ZXG5L,
Cities: Skylines II - PC Edition,9PGZ346PSLN0,false,true,false,Premium,-/9PGZ346PSLN0,
Clair Obscur: Expedition 33,9PPT8K6GQHRZ,true,true,true,Premium,-/9PPT8K6GQHRZ,
Clone Drone in the Danger Zone,9NKHKBQJSSC3,true,true,true,Premium,-/9NKHKBQJSSC3,
CloverPit,9P8V7HR160B4,true,true,true,Premium,-/9P8V7HR160B4,
Command & Conquer™ Remastered Collection,9N0LFRXLDJHZ,false,true,false,EA Play,-/9N0LFRXLDJHZ,
Commandos: Origins,9NNRCR6MBNDR,true,false,true,Premium,-/9NNRCR6MBNDR,
Commandos: Origins (Win),9PDH7X3J5CZT,false,true,false,Premium,-/9PDH7X3J5CZT,
Conker: Live and Reloaded,BVFB8CBS75R6,true,true,true,Essential,-/BVFB8CBS75R6,
Construction Simulator,9NLFZVMSQ7CC,true,true,true,Premium,-/9NLFZVMSQ7CC,
Contrast,BSLTQT4L0RLV,true,false,true,Premium,-/BSLTQT4L0RLV,
Control,BZ6W9LRPC26W,true,false,true,Essential,-/BZ6W9LRPC26W,
Control Ultimate Edition,9P7LVXNVQ6K7,false,true,false,Essential,-/9P7LVXNVQ6K7,
Control Ultimate Edition - Xbox Series X|S,9P4D0K92BM7V,true,false,true,Essential,-/9P4D0K92BM7V,
Cooking Simulator,9N3DKKRHSJBT,true,false,true,Premium,-/9N3DKKRHSJBT,
Cooking Simulator Windows,9PLGBZWN65RG,false,true,false,Premium,-/9PLGBZWN65RG,
Corsair Cove,9PHS0189K408,false,true,false,Ultimate Exclusive,-/9PHS0189K408,2026-08-01
Costume Quest,BR74RLMH966K,true,false,true,Essential,-/BR74RLMH966K,
Costume Quest 2,BZ92FB6PWXFJ,true,false,true,Essential,-/BZ92FB6PWXFJ,
Crackdown 3,9NXR6469DM2P,true,true,false,Premium,-/9NXR6469DM2P,
Crash Bandicoot™ 4: It’s About Time,9PMXPQ307Z5P,true,false,true,Premium,-/9PMXPQ307Z5P,
Crash Bandicoot™ 4: It’s About Time (PC),9NMW7RJ8FP94,false,true,false,Premium,-/9NMW7RJ8FP94,
Crash Bandicoot™ N. Sane Trilogy,C27XPR5XDMFT,true,true,true,Premium,-/C27XPR5XDMFT,
Crashout Crew,9NJJVQZ3BVPX,true,true,true,Ultimate Exclusive,-/9NJJVQZ3BVPX,
Crash™ Team Racing Nitro-Fueled,BQRB60PW2SDL,true,false,false,Essential,-/BQRB60PW2SDL,
Cricket 24,9PPN49GPNH5M,true,false,true,Premium,-/9PPN49GPNH5M,
Cricket 24: The Official Game Of The Ashes,9NKF2SZ630ZH,false,true,false,Premium,-/9NKF2SZ630ZH,
Cricket 26 - The Official Game of the Ashes,9N6JF50HZFW9,true,true,true,Premium,-/9N6JF50HZFW9,2026-08-13
Crime Scene Cleaner,9NGZ1M3N98P2,true,true,true,Premium,-/9NGZ1M3N98P2,
Crimson Skies®: High Road to Revenge™,C4B8XR1LCXR5,true,true,true,Essential,-/C4B8XR1LCXR5,
Crysis,BNN7BPDZ6GQB,true,false,false,EA Play,-/BNN7BPDZ6GQB,
Crysis 2,BQBTGDT4P54J,true,false,false,EA Play,-/BQBTGDT4P54J,
Crysis 3,9PNRHXZ6ZSS9,false,true,false,EA Play,-/9PNRHXZ6ZSS9,
Crysis®,9NB993S1TWSH,false,true,false,EA Play,-/9NB993S1TWSH,
Crysis® 2 Maximum Edition,9P1D3TD1KHLR,false,true,false,EA Play,-/9P1D3TD1KHLR,
Crysis® 3,BNKKJL1VRR5P,true,false,false,EA Play,-/BNKKJL1VRR5P,
Cyberpunk 2077,BX3M8L83BBRW,true,false,true,Premium,-/BX3M8L83BBRW,
Dante's Inferno™,C0X6N5963CTW,true,false,false,EA Play,-/C0X6N5963CTW,
Date Everything!,9N0CCPMBLJQ8,true,true,true,Premium,-/9N0CCPMBLJQ8,2026-08-11
Day of the Tentacle Remastered,9NKK6CX54183,true,true,true,Premium,-/9NKK6CX54183,
DayZ,BSR9NLHVF1KL,true,true,true,Essential,-/BSR9NLHVF1KL,
Dead by Daylight,C0N22P73QZ60,true,false,true,Premium,-/C0N22P73QZ60,
Dead by Daylight Windows,9NMS4SFNBGBH,false,true,false,Premium,-/9NMS4SFNBGBH,
Dead Cells,BQSCNS1T8PHQ,true,true,true,Essential,-/BQSCNS1T8PHQ,
Dead Island 2,C3L4J3H7H12R,true,false,true,Premium,-/C3L4J3H7H12R,
Dead Island 2 (Windows),9N92LSHFZ935,false,true,false,Premium,-/9N92LSHFZ935,
Dead Space,9NLB6V0GNC9P,true,true,true,EA Play,-/9NLB6V0GNC9P,
Dead Space - 2008,9NZ1BL9SMVG4,false,true,false,EA Play,-/9NZ1BL9SMVG4,
Dead Space (2008),BRJLJ6RPLQTJ,true,false,true,EA Play,-/BRJLJ6RPLQTJ,
Dead Space 2,9NZ90QLG3H0V,false,true,false,EA Play,-/9NZ90QLG3H0V,
Dead Space 3,9MTD9ZS1G3CC,false,true,false,EA Play,-/9MTD9ZS1G3CC,
Dead Space™ 2,C2PB7STLJGS0,true,false,true,EA Play,-/C2PB7STLJGS0,
Dead Space™ 3,BP73LMGB1DFD,true,false,true,EA Play,-/BP73LMGB1DFD,
Dead Space™ Ignition,C4GQQJJSZSZJ,true,false,false,EA Play,-/C4GQQJJSZSZJ,
Dead Static Drive,9MXWL7VJ2SJW,true,true,true,Premium,-/9MXWL7VJ2SJW,
Death Howl,9PD9SZGNCMDZ,true,true,true,Premium,-/9PD9SZGNCMDZ,
DEATH STRANDING DIRECTOR'S CUT,9NQGN8TGNT8P,true,true,true,Premium,-/9NQGN8TGNT8P,
DEATHLOOP,9P5Z4530318L,true,true,true,Premium,-/9P5Z4530318L,
Deep Rock Galactic,9NHFVWX1V7QJ,true,true,true,Essential,-/9NHFVWX1V7QJ,
Deep Rock Galactic: Survivor,9PHGQPRBBSXK,true,true,true,Premium,-/9PHGQPRBBSXK,
Denshattack!,9N18L56XHK8Z,true,true,true,Ultimate Exclusive,-/9N18L56XHK8Z,
Descenders,C37XBX7DCBZ0,true,true,true,Essential,-/C37XBX7DCBZ0,
Descenders Next (Game Preview),9N66JJQFX3RX,true,true,true,Premium,-/9N66JJQFX3RX,
Diablo III: Reaper of Souls – Ultimate Evil Edition,C2R5R5P2DF3C,true,false,false,Premium,-/C2R5R5P2DF3C,
Diablo®,9N16SLB6FB96,false,true,false,Premium,-/9N16SLB6FB96,
Diablo® II: Resurrected™,9NT0PNTL6B79,true,false,true,Premium,-/9NT0PNTL6B79,
Diablo® II: Resurrected™ PC,9NPSLX5HNN3H,false,true,false,Premium,-/9NPSLX5HNN3H,
Diablo® III: Reaper of Souls™ – Ultimate Evil Edition PC,9N9DKMNL85XZ,false,true,false,Premium,-/9N9DKMNL85XZ,
Diablo® IV - Standard Edition,9N8117TM8JL3,true,false,false,Premium,-/9N8117TM8JL3,
Diablo® IV PC,9N0H62KZ3BXV,false,true,false,Premium,-/9N0H62KZ3BXV,
Dice A Million,9N3NTDPJCD9Z,false,true,false,Ultimate Exclusive,-/9N3NTDPJCD9Z,
DIRT 5,9PJGM0T0827V,true,true,false,EA Play,-/9PJGM0T0827V,
DiRT Rally 2.0,BRPGP6H8P26F,true,false,false,EA Play,-/BRPGP6H8P26F,
Disco Elysium - The Final Cut,9NTRS771L8HL,true,true,true,Premium,-/9NTRS771L8HL,
Dishonored 2,BSZM480TSWGP,true,true,true,Essential,-/BSZM480TSWGP,
Dishonored® Definitive Edition,C299QVC2BSJF,true,false,true,Premium,-/C299QVC2BSJF,
Dishonored® Definitive Edition (PC),9P1N07XDL1D4,false,true,false,Premium,-/9P1N07XDL1D4,
Dishonored®: Death of the Outsider™,C5F2XDQPPJKZ,true,false,true,Premium,-/C5F2XDQPPJKZ,
Dishonored®: Death of the Outsider™ (PC),9MVF0PGV94F7,false,true,false,Premium,-/9MVF0PGV94F7,
Disney Dreamlight Valley,9NSF0BGH8D86,true,true,true,Essential,-/9NSF0BGH8D86,
Disneyland Adventures,9N6Z8DQXSQWH,true,true,true,Premium,-/9N6Z8DQXSQWH,
Dome Keeper,9P8XKV2D5DZ5,true,true,true,Premium,-/9P8XKV2D5DZ5,
Donut County,9N6V2181GHLM,true,true,true,Premium,-/9N6V2181GHLM,
DOOM,C3QH42WRGM3R,true,false,true,Premium,-/C3QH42WRGM3R,
DOOM + DOOM II,9P46M5JQ2PTF,true,true,true,Premium,-/9P46M5JQ2PTF,
DOOM 3,9NSL68D814GC,true,true,true,Premium,-/9NSL68D814GC,
DOOM 64,9MXND4PQLK3W,true,true,true,Premium,-/9MXND4PQLK3W,
DOOM Eternal Standard Edition,9P5S26314HWQ,true,false,true,Premium,-/9P5S26314HWQ,
DOOM Eternal Standard Edition (PC),9PK09BL31FK1,false,true,false,Essential,-/9PK09BL31FK1,
DOOM: The Dark Ages,9PH9X0760B0T,true,true,true,Premium,-/9PH9X0760B0T,
Dragon Age: Origins,BS9SX4Q6XJRF,true,false,true,EA Play,-/BS9SX4Q6XJRF,
Dragon Age™ 2,C4G76555T4QN,true,false,true,EA Play,-/C4G76555T4QN,
Dragon Age™ II,9P5VB9G9CJ29,false,true,false,EA Play,-/9P5VB9G9CJ29,
Dragon Age™: Inquisition,C47GZZBMR5WG,true,false,true,EA Play,-/C47GZZBMR5WG,
Dragon Age™: Inquisition - Game of the Year Edition,9MWLS68W1P7Q,false,true,false,EA Play,-/9MWLS68W1P7Q,
Dragon Age™: Origins - Ultimate Edition,9MWQ083Z7L4F,false,true,false,EA Play,-/9MWQ083Z7L4F,
Dragon Age™: The Veilguard,BSDX4FNNC0DK,true,false,true,EA Play,-/BSDX4FNNC0DK,
Dragon Age™: The Veilguard - PC,9NHCW3R1JB1C,false,true,false,EA Play,-/9NHCW3R1JB1C,
DRAGON BALL XENOVERSE 2,BX03760D0QGN,true,true,true,Premium,-/BX03760D0QGN,
DreamWorks Gabby’s Dollhouse: Ready to Party,9NFQ1XMXDLN6,true,true,true,Premium,-/9NFQ1XMXDLN6,
DREDGE,9MSVVM5NS9L6,true,true,true,Premium,-/9MSVVM5NS9L6,
Drop Duchy - Complete Edition,9NXVPTB0FXSZ,true,true,true,Premium,-/9NXVPTB0FXSZ,
Dungeon Keeper™,9PKDX735TR8K,false,true,false,EA Play,-/9PKDX735TR8K,
Dungeon Keeper™ 2,9NGL4GBPXM1G,false,true,false,EA Play,-/9NGL4GBPXM1G,
EA SPORTS FC™ 25 - PC,9P8RC7S4NRQ3,false,true,false,EA Play,-/9P8RC7S4NRQ3,
EA SPORTS FC™ 25 Xbox One,9N436FQM30HX,true,false,true,EA Play,-/9N436FQM30HX,
EA SPORTS FC™ 25 Xbox Series X|S,9NNPSTWT06VM,true,false,true,EA Play,-/9NNPSTWT06VM,
EA SPORTS FC™ 26 - PC,9N3XQQ1LHJ4X,false,true,false,EA Play,-/9N3XQQ1LHJ4X,
EA SPORTS FC™ 26 Xbox One,9NK13T4QFPQW,true,false,true,EA Play,-/9NK13T4QFPQW,
EA SPORTS FC™ 26 Xbox Series X|S,9P9FTXPKQ35P,true,false,true,EA Play,-/9P9FTXPKQ35P,
EA SPORTS™ College Football 25,9NSDM7MBGG8L,true,false,true,EA Play,-/9NSDM7MBGG8L,
EA SPORTS™ College Football 26,9NLKS78C4F3Z,true,false,true,EA Play,-/9NLKS78C4F3Z,
EA SPORTS™ Madden NFL 26,9NVD16NP4J8T,true,true,true,EA Play,-/9NVD16NP4J8T,
EA SPORTS™ PGA TOUR™,9P822XLW9PB8,true,true,true,EA Play,-/9P822XLW9PB8,
EA SPORTS™ WRC,9N9PDJ7Z8S2R,true,true,true,EA Play,-/9N9PDJ7Z8S2R,
Easy Delivery Co.,9PDC8J1BSV8B,true,true,true,Premium,-/9PDC8J1BSV8B,
Echo Generation 2,9N17PD34G54M,true,true,true,Ultimate Exclusive,-/9N17PD34G54M,
Egging On,9PDKDBQGG2N2,true,true,true,Premium,-/9PDKDBQGG2N2,
Elite Dangerous Standard Edition,C3LW50BQJ878,true,false,true,Premium,-/C3LW50BQJ878,
Enlisted,9NHKL695M9F2,true,true,true,Premium,-/9NHKL695M9F2,
Enlisted Xbox One,9PF432CVQBXT,true,false,true,Premium,-/9PF432CVQBXT,
Escape Simulator,9NKBDN695GTT,true,true,true,Premium,-/9NKBDN695GTT,
Escape the Backrooms,9MW15L8FRT9P,true,true,true,Premium,-/9MW15L8FRT9P,
Eternal Strands,9NNKJNRKFT0G,true,true,true,Premium,-/9NNKJNRKFT0G,
Evil West,9MW581HCJPM6,true,false,true,Premium,-/9MW581HCJPM6,
Evil West (Windows),9PC49MD70881,false,true,false,Premium,-/9PC49MD70881,
F1® 24,9PLVVTDHS1P0,true,true,true,EA Play,-/9PLVVTDHS1P0,
F1® 25,9NWPW7F19FS5,true,true,true,EA Play,-/9NWPW7F19FS5,
Fable Anniversary,C2Q32JM0BPZL,true,false,true,Essential,-/C2Q32JM0BPZL,
Fable II,C2WKJJ9F5936,true,false,true,Premium,-/C2WKJJ9F5936,
Fable III,BR46KM4D5B9L,true,false,true,Premium,-/BR46KM4D5B9L,
Fallout,9N42CT1J5WGW,false,true,false,Premium,-/9N42CT1J5WGW,
Fallout 2,9P1JS86M9SXH,false,true,false,Premium,-/9P1JS86M9SXH,
Fallout 3,C29HQ887KH4B,true,false,true,Premium,-/C29HQ887KH4B,
Fallout 3: Game of the Year Edition,9NBZ9JF6TFMD,false,true,false,Premium,-/9NBZ9JF6TFMD,
Fallout 4,C3KLDKZBHNCZ,true,true,true,Essential,-/C3KLDKZBHNCZ,
Fallout 76,BS6WJ2L56B10,true,false,true,Essential,-/BS6WJ2L56B10,
Fallout 76 (PC),9NKGNMNK3K3Z,false,true,false,Essential,-/9NKGNMNK3K3Z,
Fallout Tactics,9NDV7FRVD7ML,false,true,false,Premium,-/9NDV7FRVD7ML,
Fallout: New Vegas,BX3JNK07Z6QK,true,false,true,Premium,-/BX3JNK07Z6QK,
Fallout: New Vegas Ultimate Edition,9MZR11JRF7BX,false,true,false,Premium,-/9MZR11JRF7BX,
FAR CRY 3,9NXWKGRHT31F,false,true,false,Ubisoft+ Classics,-/9NXWKGRHT31F,
FAR CRY 3 BLOOD DRAGON,9P5Z088TJQ5S,false,true,false,Ubisoft+ Classics,-/9P5Z088TJQ5S,
Far Cry 3 Blood Dragon Classic Edition,9NVJ4L71DF5Q,true,false,true,Ubisoft+ Classics,-/9NVJ4L71DF5Q,
Far Cry 3 Classic Edition,BV2ZVP7PJZWL,true,false,true,Ubisoft+ Classics,-/BV2ZVP7PJZWL,
FAR CRY 4,9MVV32Z0JPCL,false,true,false,Premium,-/9MVV32Z0JPCL,
Far Cry New Dawn,9NWX420Z2NLG,false,true,false,Premium,-/9NWX420Z2NLG,
FAR CRY PRIMAL,BV6BRSLFJW3W,true,true,true,Ubisoft+ Classics,-/BV6BRSLFJW3W,
Far Cry® 4,C0KJ40T9QD86,true,false,true,Premium,-/C0KJ40T9QD86,
Far Cry® 5,BR7X7MVBBQKM,true,true,true,Premium,-/BR7X7MVBBQKM,
Far Cry® 6,9PJ45NJCHSFS,false,true,false,Premium,-/9PJ45NJCHSFS,
Far Cry® New Dawn,C1DDW4PRF6K5,true,false,true,Premium,-/C1DDW4PRF6K5,
FARCRY 6,9PBNGCVBGML0,true,false,true,Premium,-/9PBNGCVBGML0,
Farming Simulator 25,9NMCDQ6RCJKH,true,false,true,Premium,-/9NMCDQ6RCJKH,
Farming Simulator 25 (PC),9PM709J61828,false,true,false,Premium,-/9PM709J61828,
FBC: Firebreak,9PDCN8Z4HKRN,true,true,true,Premium,-/9PDCN8Z4HKRN,
Fe,BZW2R4STVDNK,true,true,false,EA Play,-/BZW2R4STVDNK,
Feeding Frenzy,BRBRQCVTJG2D,true,false,false,EA Play,-/BRBRQCVTJG2D,
Feeding Frenzy 2,BQ192SFB694X,true,false,false,EA Play,-/BQ192SFB694X,
FIGHT NIGHT CHAMPION,BQG162F04T2L,true,false,false,EA Play,-/BQG162F04T2L,
FINAL FANTASY,9P20JCF7BV93,true,true,true,Premium,-/9P20JCF7BV93,
FINAL FANTASY II,9P8S1MN4066K,true,true,true,Premium,-/9P8S1MN4066K,
FINAL FANTASY III,9NWDPFPPK30V,true,true,true,Premium,-/9NWDPFPPK30V,
FINAL FANTASY IV,9N8C07SS8C9D,true,true,true,Premium,-/9N8C07SS8C9D,
FINAL FANTASY V,9N9C8SV0S16W,true,true,true,Premium,-/9N9C8SV0S16W,
FINAL FANTASY VI,9N255K81XBD3,true,true,true,Premium,-/9N255K81XBD3,
Firefighting Simulator - The Squad,9NBZ7Z3JRXQ8,true,true,true,Premium,-/9NBZ7Z3JRXQ8,
FixForce,9N7MVHP2R7VP,true,true,true,Premium,-/9N7MVHP2R7VP,
Fogpiercer,9P2PP895LSBJ,false,true,false,Ultimate Exclusive,-/9P2PP895LSBJ,
Football Manager 26,9PD0Z90216RJ,false,true,false,Premium,-/9PD0Z90216RJ,
Football Manager 26 Console,9NMNZ4CK59DM,true,true,true,Premium,-/9NMNZ4CK59DM,
FOR HONOR,9P82LXD5RH31,false,true,false,Premium,-/9P82LXD5RH31,
FOR HONOR - Standard Edition,9N3DWR830CVN,true,false,true,Premium,-/9N3DWR830CVN,
FOR HONOR : MARCHING FIRE EDITION,C4CBF3FHHCND,true,false,true,Premium,-/C4CBF3FHHCND,
For The King II,9NVC9KWJVLT0,true,true,true,Premium,-/9NVC9KWJVLT0,
Fortnite,BT5P2X999VH2,true,true,false,Ultimate Exclusive,-/BT5P2X999VH2,
Forza Horizon 5 Standard Edition,9NKX70BBCDRN,true,true,true,Premium,-/9NKX70BBCDRN,
Forza Horizon 6 Standard Edition,9N431PX143P8,true,true,true,Ultimate Exclusive,-/9N431PX143P8,
Forza Motorsport Standard Edition,9PLKVSWR299F,true,true,true,Premium,-/9PLKVSWR299F,
FragPunk,9MW715J1P29D,true,true,true,Premium,-/9MW715J1P29D,
Frog Sqwad,9N16RZ0S50V2,true,true,true,Ultimate Exclusive,-/9N16RZ0S50V2,
Frostpunk 2,9N0KN24FWP6B,true,true,true,Premium,-/9N0KN24FWP6B,
Full Throttle Remastered,9P3ZRGNQVC7D,true,true,true,Essential,-/9P3ZRGNQVC7D,
Fuzion Frenzy®,C2P985H1H42H,true,true,true,Essential,-/C2P985H1H42H,
Gang Beasts,BPQZT43FWD49,true,true,true,Essential,-/BPQZT43FWD49,
Gears 5 Game of the Year Edition,9P4KMR76PLLQ,true,true,true,Essential,-/9P4KMR76PLLQ,
Gears of War,BPN08ZDRPSFK,true,false,true,Premium,-/BPN08ZDRPSFK,
Gears of War 2,C1SDBNRFXT1D,true,false,true,Premium,-/C1SDBNRFXT1D,
Gears of War 3,BPKDQSSFQ9WV,true,false,true,Premium,-/BPKDQSSFQ9WV,
Gears of War 4,9NBLGGH4PBBM,true,true,true,Premium,-/9NBLGGH4PBBM,
Gears of War: Judgment,BSHMMGRP84N4,true,false,true,Premium,-/BSHMMGRP84N4,
Gears of War: Reloaded,9P8PS6993LSL,true,true,true,Premium,-/9P8PS6993LSL,
Gears of War: Ultimate Edition,BQT21VXFS52F,true,false,true,Premium,-/BQT21VXFS52F,
Gears of War: Ultimate Edition for Windows 10,9NBLGGH3SHM5,false,true,false,Premium,-/9NBLGGH3SHM5,
Gears Tactics,9NN3HCKW5TPC,true,true,true,Premium,-/9NN3HCKW5TPC,
Generation Zero®,C20WW4W29FQ1,true,true,true,Premium,-/C20WW4W29FQ1,
Genesis Noir,9PHK9D8CLQCG,true,false,true,Premium,-/9PHK9D8CLQCG,
Genesis Noir: Windows Edition,9MWGGC7JH35B,false,true,false,Premium,-/9MWGGC7JH35B,
Genshin Impact,9N7TFFRRZCC9,true,false,true,Premium,-/9N7TFFRRZCC9,
Ghostwire: Tokyo,9PKP39CL0C8D,true,true,true,Premium,-/9PKP39CL0C8D,
GOALS,9PF2ZS4XB4JH,true,true,true,Premium,-/9PF2ZS4XB4JH,
Goat Simulator 3,9NMB4T25W817,true,false,true,Premium,-/9NMB4T25W817,
Goat Simulator 3: Windows Edition,9PDS2N82QNXG,false,true,false,Premium,-/9PDS2N82QNXG,
Goat Simulator 3: Xbox One Edition,9NL3468NRPBG,true,false,true,Premium,-/9NL3468NRPBG,
GoldenEye 007,9N6639H7VGH4,true,false,true,Premium,-/9N6639H7VGH4,
Great God Grove,9N36BLQF3FX6,true,true,true,Premium,-/9N36BLQF3FX6,
GRID Legends,9NCT9L7NFHX7,true,true,true,EA Play,-/9NCT9L7NFHX7,
Grim Fandango Remastered,9PC288TN7R8K,true,true,true,Premium,-/9PC288TN7R8K,
Grounded,9PJTHRNVH62H,true,true,true,Essential,-/9PJTHRNVH62H,
Grounded 2 (Game Preview),9P77PG7DK0W2,true,true,true,Premium,-/9P77PG7DK0W2,
Hades,9P8DL6W0JBB8,true,true,true,Essential,-/9P8DL6W0JBB8,
Hades II,9PCR3Z2MSM4T,true,true,true,Premium,-/9PCR3Z2MSM4T,
Halls of Torment,9NMNMS626R59,true,true,true,Premium,-/9NMNMS626R59,
Halo 5: Guardians,BRRC2BP0G9P0,true,false,true,Essential,-/BRRC2BP0G9P0,
Halo Infinite,9NP1P1WFS0LB,true,true,true,Premium,-/9NP1P1WFS0LB,
Halo Wars 2: Standard Edition,C42KCJCLX6MX,true,true,true,Essential,-/C42KCJCLX6MX,
Halo Wars: Definitive Edition,BPRPQSKXTD1L,true,false,true,Premium,-/BPRPQSKXTD1L,
Halo Wars: Definitive Edition (PC),9NBLGGH5WLR0,false,true,false,Ultimate Exclusive,-/9NBLGGH5WLR0,
Halo: Campaign Evolved - Standard Edition,9N6J4RNFPKKL,true,true,true,Ultimate Exclusive,-/9N6J4RNFPKKL,2026-07-29
Halo: Spartan Assault,BV0K9LMLQ9W5,true,true,true,Premium,-/BV0K9LMLQ9W5,
Halo: Spartan Strike,9WZDNCRFJBFJ,false,true,false,Premium,-/9WZDNCRFJBFJ,
Halo: The Master Chief Collection,9MT8PTGVHX2P,true,true,true,Premium,-/9MT8PTGVHX2P,
Heavy Weapon,BZ910SG8ML8X,true,false,false,EA Play,-/BZ910SG8ML8X,
Hell is Us,9N9097G0XZMB,true,true,true,Premium,-/9N9097G0XZMB,
Hellblade II: Senua's Saga,9PMBB7NGHV95,true,true,true,Premium,-/9PMBB7NGHV95,
Hellblade: Senua's Sacrifice,C4Z7QM8FSXM2,true,true,true,Essential,-/C4Z7QM8FSXM2,
Herdling,9NNHK7K8RV9C,true,true,true,Premium,-/9NNHK7K8RV9C,
Heretic + Hexen,9NC7NRD0CM11,true,true,true,Premium,-/9NC7NRD0CM11,
Heroes of Might and Magic 3 - Complete Edition,9P5241RBH1SZ,false,true,false,Ultimate Exclusive,-/9P5241RBH1SZ,
Heroes of Might and Magic II - Gold Edition,9NSB55HX1GGN,false,true,false,Ultimate Exclusive,-/9NSB55HX1GGN,
Heroes of Might and Magic: Olden Era (Game Preview),9P2TFCCRKMRD,false,true,false,Ultimate Exclusive,-/9P2TFCCRKMRD,
Heroes of the Storm™,9PBRN7JS4XPC,false,true,false,Premium,-/9PBRN7JS4XPC,
Hi-Fi RUSH,9NFTC552K3GJ,true,true,true,Premium,-/9NFTC552K3GJ,
High On Life,9NL4714VTLRS,true,true,true,Premium,-/9NL4714VTLRS,
High On Life 2,9NF6XPSBTTGB,true,true,true,Ultimate Exclusive,-/9NF6XPSBTTGB,
Hogwarts Legacy,9MT5NJ5W7B8Z,true,true,true,Premium,-/9MT5NJ5W7B8Z,
Hogwarts Legacy Xbox One Version,9NK4NTBFWW81,true,false,true,Premium,-/9NK4NTBFWW81,
Hollow Knight: Silksong,9N116V0599HB,true,true,true,Premium,-/9N116V0599HB,
Hollow Knight: Voidheart Edition,9MW9469V91LM,true,true,true,Premium,-/9MW9469V91LM,
House Flipper,9NBFGKQLMV33,true,true,true,Premium,-/9NBFGKQLMV33,
Human Fall Flat,BSMZH25V6V46,true,true,true,Essential,-/BSMZH25V6V46,
Hungry Shark World,9P57SQHVWND7,false,true,false,Ubisoft+ Classics,-/9P57SQHVWND7,
Hungry Shark® World,C3NHWKLR94M9,true,false,true,Ubisoft+ Classics,-/C3NHWKLR94M9,
I Am Your Beast,9PF9FQGH89WM,true,true,true,Premium,-/9PF9FQGH89WM,
Immortals Fenyx Rising™,C07KJZRH0L7S,true,true,true,Premium,-/C07KJZRH0L7S,
Immortals of Aveum™,9NSD4HTWM8HT,true,true,true,EA Play,-/9NSD4HTWM8HT,
Indiana Jones and the Great Circle,9N8FQ28Z6QX3,true,true,true,Premium,-/9N8FQ28Z6QX3,
INDIKA,9N020KFQG301,true,true,true,Premium,-/9N020KFQG301,
inKONBINI: One Store. Many Stories,9NVV0M74W05C,true,true,true,Ultimate Exclusive,-/9NVV0M74W05C,
Inscryption,9P8NSTDMZ11P,true,true,true,Premium,-/9P8NSTDMZ11P,
INSIDE,C17GQF31D617,true,true,true,Essential,-/C17GQF31D617,
Iron Brigade,BTKN78H28RPV,true,false,true,Premium,-/BTKN78H28RPV,
It Takes Two,9NVQ4ZLJGMDV,false,true,false,EA Play,-/9NVQ4ZLJGMDV,
It Takes Two - Digital Version,9NXVC0482QS5,true,false,true,EA Play,-/9NXVC0482QS5,
Jade Empire™: Special Edition,9PJFC8RLNPH5,false,true,false,EA Play,-/9PJFC8RLNPH5,
Jetpac Refuelled,BRRVN5198461,true,false,true,Essential,-/BRRVN5198461,
Joy Ride Turbo,C1ZWH2BZ9TSF,true,false,true,Premium,-/C1ZWH2BZ9TSF,
Junkster,9NZPKBFF0CV9,true,true,true,Ultimate Exclusive,-/9NZPKBFF0CV9,
Jurassic World Evolution 3,9NX7HCWL13Z9,true,true,true,Premium,-/9NX7HCWL13Z9,
Kabuto Park,9NM4WQ7TTH3J,true,true,true,Premium,-/9NM4WQ7TTH3J,
Kameo,BV83SM3191S5,true,false,true,Essential,-/BV83SM3191S5,
Keeper,9NCJWHHMVHR0,true,true,true,Ultimate Exclusive,-/9NCJWHHMVHR0,
KILL IT WITH FIRE! 2,9MXHL3TT792F,true,true,true,Premium,-/9MXHL3TT792F,
Killer Instinct 2 Classic,C2HDBXXNXT7R,true,false,true,Premium,-/C2HDBXXNXT7R,
Killer Instinct Classic,BX8FPDDRCLWT,true,false,true,Premium,-/BX8FPDDRCLWT,
Killer Instinct: Anniversary Edition,9N2HB4MWG7HM,true,true,true,Premium,-/9N2HB4MWG7HM,
Kiln,9MW53ZKZH168,true,true,true,Ultimate Exclusive,-/9MW53ZKZH168,
Kingdom Come: Deliverance,BNBWFH89FCF1,true,true,true,Premium,-/BNBWFH89FCF1,
Kingdom Come: Deliverance II,9N4W31HSMVVD,true,true,true,Premium,-/9N4W31HSMVVD,
Kingdom Two Crowns,BWT2GPVWCH2F,true,true,true,Premium,-/BWT2GPVWCH2F,
Lara Croft and the Guardian of Light,BX7XFZ51XTW8,true,false,true,Premium,-/BX7XFZ51XTW8,
Lara Croft and the Guardian of Light (PC),9NS37Q75LBCG,false,true,false,Premium,-/9NS37Q75LBCG,
Lara Croft and the Temple of Osiris,C3553MB4P5TT,true,true,true,Premium,-/C3553MB4P5TT,
League of Legends,9PB301R051CQ,false,true,false,Premium,-/9PB301R051CQ,
Legend of Mana,9P2S2QVRB97N,true,true,true,Premium,-/9P2S2QVRB97N,
Legends of Runeterra,9P9XGNFNF11R,false,true,false,Premium,-/9P9XGNFNF11R,
LEGO® Star Wars™: The Skywalker Saga,BRMKDCZT0C4L,true,true,true,Premium,-/BRMKDCZT0C4L,
Like a Dragon: Infinite Wealth,9P00SVGWDJCP,true,true,true,Premium,-/9P00SVGWDJCP,
Like a Dragon: Pirate Yakuza in Hawaii,9P1303FCXW6X,true,true,true,Premium,-/9P1303FCXW6X,
LIMBO,BTQMHK78ZPF9,true,true,true,Essential,-/BTQMHK78ZPF9,
"Little Kitty, Big City",9NF5S7MLM8XT,true,true,true,Premium,-/9NF5S7MLM8XT,
Little Nightmares Enhanced Edition,9N8Q6DRTG22H,true,true,true,Premium,-/9N8Q6DRTG22H,
Little Nightmares II Enhanced Edition,C1H74N0TR8KT,true,false,true,Premium,-/C1H74N0TR8KT,
Little Nightmares II Enhanced Edition - Windows,9PBM67RXX3V8,false,true,false,Premium,-/9PBM67RXX3V8,
Little Rocket Lab,9N3M5D5ZSW34,true,true,true,Premium,-/9N3M5D5ZSW34,
Lost in Random™,9NVRJS95FLM9,true,true,true,EA Play,-/9NVRJS95FLM9,
Lost Records: Bloom & Rage,9N3F1LW9HC6C,true,true,true,Premium,-/9N3F1LW9HC6C,
Luna Abyss,9PLBH9J0XGR8,true,true,true,Ultimate Exclusive,-/9PLBH9J0XGR8,
Madden NFL 25,9P3FG98R5X8F,false,true,false,EA Play,-/9P3FG98R5X8F,
Madden NFL 25 Xbox One,9NL9QN69HCL7,true,false,true,EA Play,-/9NL9QN69HCL7,
Madden NFL 25 Xbox Series X|S,9N0FWWQ94X62,true,false,true,EA Play,-/9N0FWWQ94X62,
Manor Lords (Game Preview),9P5F966564FS,false,true,false,Premium,-/9P5F966564FS,
MARVEL Cosmic Invasion,9N79TQTZTQQ4,true,true,true,Ultimate Exclusive,-/9N79TQTZTQQ4,
Mass Effect,BV5N90RDT0SH,true,false,false,Premium,-/BV5N90RDT0SH,
Mass Effect 2,C0Z1N477W100,true,false,false,EA Play,-/C0Z1N477W100,
Mass Effect 2 (2010 Edition),9MTP3NKHVWM6,false,true,false,EA Play,-/9MTP3NKHVWM6,
Mass Effect 3 (2012 Edition),9NQJCGMK9VVD,false,true,false,EA Play,-/9NQJCGMK9VVD,
Mass Effect™,9NVB51LMXLJF,false,true,false,EA Play,-/9NVB51LMXLJF,
Mass Effect™ 3,C040H652PD98,true,false,false,EA Play,-/C040H652PD98,
Mass Effect™ Legendary Edition,9PKWHT7G60WQ,true,true,true,EA Play,-/9PKWHT7G60WQ,
Mass Effect™: Andromeda,BZPR04V49BMH,true,false,true,EA Play,-/BZPR04V49BMH,
Mass Effect™: Andromeda Deluxe Edition,9NK4NC5LFCQ7,false,true,false,EA Play,-/9NK4NC5LFCQ7,
MASSIVE CHALICE,C2484ZR2BWNQ,true,false,true,Essential,-/C2484ZR2BWNQ,
MAVRIX by Matt Jones,9NZX67J81X6F,true,true,true,Premium,-/9NZX67J81X6F,
Max: The Curse of Brotherhood,C0SFCF4PBRSZ,true,false,true,Essential,-/C0SFCF4PBRSZ,
MechWarrior 5: Clans,9P9FJCK32PMT,true,true,true,Premium,-/9P9FJCK32PMT,
MechWarrior 5: Mercenaries,9PB86W3JK8Z5,true,true,true,Premium,-/9PB86W3JK8Z5,
Medal of Honor Airborne,C43H00X6KZRJ,true,false,false,EA Play,-/C43H00X6KZRJ,
Medal of Honor Airborne™,9P28J28WGSPZ,false,true,false,EA Play,-/9P28J28WGSPZ,
Medieval Dynasty,9PDDP6ML6XHF,true,true,true,Essential,-/9PDDP6ML6XHF,
Medieval Dynasty (Xbox One),9N2PS831S84N,true,false,true,Essential,-/9N2PS831S84N,
Microsoft Bubble,9NM8GHT6CXN4,false,true,false,Premium,-/9NM8GHT6CXN4,
Microsoft Flight Simulator (2020) Standard 40th Anniversary Edition,9PMQDM08SNK9,true,true,true,Premium,-/9PMQDM08SNK9,
Microsoft Flight Simulator 2024 - Standard Edition,9P2VGCTBMM52,true,true,true,Premium,-/9P2VGCTBMM52,
Microsoft Jewel,9NC9M1NCZ7SD,false,true,false,Premium,-/9NC9M1NCZ7SD,
Microsoft Mahjong,9WZDNCRFHWCP,false,true,false,Premium,-/9WZDNCRFHWCP,
Microsoft Solitaire Collection,9WZDNCRFHWD2,false,true,false,Premium,-/9WZDNCRFHWD2,
Minecraft,9MVXMVT8ZKWC,true,false,false,Premium,-/9MVXMVT8ZKWC,
Minecraft Dungeons,9N8NJ74FZTG9,true,false,true,Premium,-/9N8NJ74FZTG9,
Minecraft Dungeons for Windows + Launcher,9NB6BVL3MTG4,false,true,false,Premium,-/9NB6BVL3MTG4,
Minecraft Legends,9NF0D13RPX5L,true,false,true,Premium,-/9NF0D13RPX5L,
Minecraft Legends for Windows + Launcher,9NM395CH685J,false,true,false,Premium,-/9NM395CH685J,
Minecraft Preview,9NQ19C36R0VD,true,false,false,Premium,-/9NQ19C36R0VD,
Minecraft Preview for Windows,9P5X4QVLC2XR,false,true,false,Premium,-/9P5X4QVLC2XR,
Minecraft: Java & Bedrock Edition for PC,9NXP44L49SHJ,false,true,false,Premium,-/9NXP44L49SHJ,
Minishoot' Adventures,9N5PKH0KW2L1,true,true,true,Premium,-/9N5PKH0KW2L1,
MIO: Memories in Orbit,9NP86K57SQM3,true,true,true,Premium,-/9NP86K57SQM3,
Mirror's Edge,9PJPZ1DQD0WM,false,true,false,EA Play,-/9PJPZ1DQD0WM,
Mirror's Edge™,BP96WRTVD7C1,true,false,false,EA Play,-/BP96WRTVD7C1,
Mirror's Edge™ Catalyst,C48LBRJJCP2L,true,true,true,EA Play,-/C48LBRJJCP2L,
Mistfall Hunter,9P8X6TVW9ZW8,true,true,true,Ultimate Exclusive,-/9P8X6TVW9ZW8,2026-07-30
Mixtape,9NH0MSG29X6L,true,true,true,Ultimate Exclusive,-/9NH0MSG29X6L,
MONOPOLY 2024,9NVH8SJNX20S,false,true,false,Ubisoft+ Classics,-/9NVH8SJNX20S,
Monopoly Madness,9P0RGJND5SR0,true,false,true,Ubisoft+ Classics,-/9P0RGJND5SR0,
MONOPOLY Madness,9MTP0GJ0Q3MG,false,true,false,Ubisoft+ Classics,-/9MTP0GJ0Q3MG,
Monster Sanctuary,9MZNS9NZ97PF,true,false,true,Essential,-/9MZNS9NZ97PF,
Monster Sanctuary (Windows Version),9PBWWQGXVMKC,false,true,false,Essential,-/9PBWWQGXVMKC,
Monster Train 2,9NJC29JG70LM,true,true,true,Premium,-/9NJC29JG70LM,
Monsters are Coming!,9PJBKF27C16M,true,true,true,Premium,-/9PJBKF27C16M,
Moonlighter,9P8XJRLCLH2P,true,true,true,Premium,-/9P8XJRLCLH2P,
Moonlighter 2: The Endless Vault (Game Preview),9NDJX252Q5BW,false,true,false,Ultimate Exclusive,-/9NDJX252Q5BW,
Mortal Kombat™ 1,9N7271QN4SGB,true,true,true,Premium,-/9N7271QN4SGB,
MOTORSLICE,9P0073G9FW5Z,true,true,true,Ultimate Exclusive,-/9P0073G9FW5Z,
Moving Out 2,9P88K6NQW12H,true,true,true,Premium,-/9P88K6NQW12H,
MULLET MADJACK,9PG8TV30NN9H,true,true,true,Premium,-/9PG8TV30NN9H,
My Friend Peppa Pig,9NDJLXD2X2DM,true,true,true,Premium,-/9NDJLXD2X2DM,
MySims™,9P9JZZ79KHDK,false,true,false,EA Play,-/9P9JZZ79KHDK,
MySims™ Kingdom,9NJ71RH89RJ5,false,true,false,EA Play,-/9NJ71RH89RJ5,
NARAKA: BLADEPOINT,9P8SQQJ5T94B,true,true,true,Premium,-/9P8SQQJ5T94B,
NBA 2K26 for Xbox One,9PP9PFSCJTWR,true,false,true,Premium,-/9PP9PFSCJTWR,
NBA 2K26 for Xbox Series X|S,9NFKCJNBR34N,true,false,true,Premium,-/9NFKCJNBR34N,
NBA 2K26 Standard Edition (Windows PC),9N2FJQC9NTX6,false,true,false,Premium,-/9N2FJQC9NTX6,
Need for Speed Rivals,C3VM0TMWNZ5M,true,false,false,EA Play,-/C3VM0TMWNZ5M,
Need for Speed™,BXWJNW4170RM,true,false,false,EA Play,-/BXWJNW4170RM,
Need for Speed™ Deluxe Edition,9NXLNL5JXBZJ,false,true,false,EA Play,-/9NXLNL5JXBZJ,
Need for Speed™ Heat,BRZZLBF5T245,true,false,true,EA Play,-/BRZZLBF5T245,
Need for Speed™ Heat Deluxe Edition,9NM857B8P3SC,false,true,false,EA Play,-/9NM857B8P3SC,
Need for Speed™ Hot Pursuit Remastered,9NMBJQ0265ZK,true,true,true,EA Play,-/9NMBJQ0265ZK,
Need for Speed™ Most Wanted,9N7H29G7G485,false,true,false,EA Play,-/9N7H29G7G485,
Need for Speed™ Payback,C355T88BBX1S,true,false,false,EA Play,-/C355T88BBX1S,
Need for Speed™ Payback - Deluxe Edition,9P00J6DXK9LX,false,true,false,EA Play,-/9P00J6DXK9LX,
Need for Speed™ Rivals: Complete Edition,9P1CWNG8F7B5,false,true,false,EA Play,-/9P1CWNG8F7B5,
Need for Speed™ Unbound,9PP837L3Q75D,true,true,true,EA Play,-/9PP837L3Q75D,
Neon Abyss,9NC781DK18GN,true,true,true,Essential,-/9NC781DK18GN,
New MONOPOLY®,9P8H220G3S4P,true,false,true,Ubisoft+ Classics,-/9P8H220G3S4P,
New Super Lucky's Tale,9MZN3SMXN824,true,true,true,Premium,-/9MZN3SMXN824,
NHL® 25 Xbox Series X|S,9PB3GGBSG27C,true,false,true,EA Play,-/9PB3GGBSG27C,
NHL® 26 Xbox Series X|S,9PC1KTWW5PB5,true,false,true,EA Play,-/9PC1KTWW5PB5,
NHL® 94 REWIND,9PDGC1Z6ZHTP,true,false,false,EA Play,-/9PDGC1Z6ZHTP,
Ni no Kuni Wrath of the White Witch™ Remastered,9P7SL78VHVMF,true,true,true,Premium,-/9P7SL78VHVMF,
Ni no Kuni™ II: Revenant Kingdom - The Prince's Edition,9N732VFPMWKT,true,true,true,Premium,-/9N732VFPMWKT,
Nickelodeon All-Star Brawl 2,9PN0LC4CNLPT,true,true,true,Premium,-/9PN0LC4CNLPT,
Nine Sols,9N3LGKGF3CC2,true,true,true,Premium,-/9N3LGKGF3CC2,
NINJA GAIDEN 2 Black,9N51FH42VQDS,true,true,true,Premium,-/9N51FH42VQDS,
NINJA GAIDEN 4 Standard Edition,9N7358JZPX1Z,true,true,true,Ultimate Exclusive,-/9N7358JZPX1Z,
NINJA GAIDEN: Ragebound,9PGFSLP8GWQK,true,true,true,Premium,-/9PGFSLP8GWQK,
No Man's Sky,BQVQTL3PCH05,true,true,true,Premium,-/BQVQTL3PCH05,
Nova Roma (Game Preview),9NBNFBQ546DT,false,true,false,Ultimate Exclusive,-/9NBNFBQ546DT,
OddBallers™,9PMX3SK2RMG4,true,true,true,Ubisoft+ Classics,-/9PMX3SK2RMG4,
Once Human,9N0QWXC09MPT,true,true,true,Premium,-/9N0QWXC09MPT,2026-08-26
One Lonely Outpost,9NRCM30L6GRQ,true,true,true,Premium,-/9NRCM30L6GRQ,
Ori and the Blind Forest: Definitive Edition,BW85KQB8Q31M,true,true,true,Premium,-/BW85KQB8Q31M,
Ori and the Will of the Wisps,9N8CD0XZKLP4,true,true,true,Essential,-/9N8CD0XZKLP4,
Outbound,9PFWZMT737GG,true,true,true,Ultimate Exclusive,-/9PFWZMT737GG,
Overcooked! 2,BVJLKDG2TX8H,true,true,true,Essential,-/BVJLKDG2TX8H,
Overthrown,9MT5KSV3RCWD,true,true,true,Premium,-/9MT5KSV3RCWD,
Overwatch®,C1C4DZJPBC2V,true,false,false,Premium,-/C1C4DZJPBC2V,
Overwatch® PC,9P36DQX6W9CS,false,true,false,Premium,-/9P36DQX6W9CS,
Pacific Drive,9PNKG0WBL61W,true,true,true,Premium,-/9PNKG0WBL61W,
Palworld,9NKV34XDW014,true,true,true,Premium,-/9NKV34XDW014,
Pax Dei,9PHGK0538TXM,false,true,false,Premium,-/9PHGK0538TXM,
PBA Pro Bowling 2026,9PJRQHMCFQGS,true,true,true,Premium,-/9PJRQHMCFQGS,
Peggle,BSCCQL7DZ9KD,true,false,false,EA Play,-/BSCCQL7DZ9KD,
Peggle 2,BNCZHKWRZ7BR,true,false,true,EA Play,-/BNCZHKWRZ7BR,
Peggle®,9MVPD3Z5N4QL,false,true,false,EA Play,-/9MVPD3Z5N4QL,
Peggle® Nights,9P3SX4QXR5MD,false,true,false,EA Play,-/9P3SX4QXR5MD,
Pentiment,9NX6K9HN4F4K,true,true,true,Premium,-/9NX6K9HN4F4K,
Perfect Dark,C0SWGV4560W1,true,false,true,Premium,-/C0SWGV4560W1,
Perfect Dark Zero,BZF7N4FQWHNR,true,false,true,Essential,-/BZF7N4FQWHNR,
Persona 5 Royal,9NZDHXL9SJJ8,true,true,true,Premium,-/9NZDHXL9SJJ8,
Phoenix Point,9P1P5Q3BNM7J,true,true,true,Premium,-/9P1P5Q3BNM7J,
Pigeon Simulator,9NRHQLZX3900,true,true,true,Premium,-/9NRHQLZX3900,
Pillars of Eternity 2: Deadfire - Ultimate Edition (PC),9N8N7NZSVTG3,false,true,false,Premium,-/9N8N7NZSVTG3,
Pillars of Eternity II: Deadfire - Ultimate Edition,9PJD2KMX7TZ6,true,false,true,Premium,-/9PJD2KMX7TZ6,
Pillars of Eternity: Complete Edition,BS34VNW7H61F,true,false,true,Premium,-/BS34VNW7H61F,
Pillars of Eternity: Definitive Edition,9N1P6T7ZQ2KF,false,true,false,Premium,-/9N1P6T7ZQ2KF,
Planet Coaster 2,9PK5WS0HXQKQ,true,true,true,Premium,-/9PK5WS0HXQKQ,
Planet of Lana II,9PL89B9HCZ9W,true,true,true,Ultimate Exclusive,-/9PL89B9HCZ9W,
Plants vs. Zombies,BR1D9CR82ZM8,true,false,false,EA Play,-/BR1D9CR82ZM8,
Plants vs. Zombies Garden Warfare,BTJ0T8C04ZBV,true,true,true,EA Play,-/BTJ0T8C04ZBV,
Plants vs. Zombies: Battle for Neighborville™,C4HZC7LJG6PX,true,false,true,EA Play,-/C4HZC7LJG6PX,
Plants vs. Zombies: Battle for Neighborville™ Deluxe Edition,9NRTXWCZ2ZJ0,false,true,false,EA Play,-/9NRTXWCZ2ZJ0,
Plants vs. Zombies™ Game of the Year Edition,9MTNPX4WLP10,false,true,false,EA Play,-/9MTNPX4WLP10,
Plants vs. Zombies™ Garden Warfare 2,BNRH7BRC1D02,true,false,true,EA Play,-/BNRH7BRC1D02,
Plants vs. Zombies™ Garden Warfare 2: Deluxe Edition,9MTVHJXXF3K9,false,true,false,EA Play,-/9MTVHJXXF3K9,
PlateUp!,9P2HHT3VS7MP,true,true,true,Premium,-/9P2HHT3VS7MP,
Police Simulator: Patrol Officers,9P0NPLQ9P1DB,true,true,true,Premium,-/9P0NPLQ9P1DB,
Populous™,9N7LPX50LSCH,false,true,false,EA Play,-/9N7LPX50LSCH,
Populous™ II: Trials of the Olympian Gods,9PHNM1C4T968,false,true,false,EA Play,-/9PHNM1C4T968,
Populous™: The Beginning,9PKZN9K2HXJ9,false,true,false,EA Play,-/9PKZN9K2HXJ9,
PowerWash Simulator 2,9P45GGDTFNSM,true,true,true,Premium,-/9P45GGDTFNSM,
Prey,BQMVWCMB8P59,true,true,true,Premium,-/BQMVWCMB8P59,
Prince of Persia The Lost Crown,9P4LSLG7B8CT,true,true,true,Ubisoft+ Classics,-/9P4LSLG7B8CT,
Psychonauts,C5HHPG1TXDNG,true,false,true,Premium,-/C5HHPG1TXDNG,
Psychonauts (Windows 10),9NCT87FKQ4GM,false,true,false,Premium,-/9NCT87FKQ4GM,
Psychonauts 2,9NBR2VXT87SJ,true,true,true,Essential,-/9NBR2VXT87SJ,
Quake,9P1Z43KRNQD4,true,true,true,Premium,-/9P1Z43KRNQD4,
Quake 4,9P2JXK37PFLZ,false,true,false,Premium,-/9P2JXK37PFLZ,
Quake II,9P7L9H478GGV,true,true,true,Premium,-/9P7L9H478GGV,
Quake III Arena,9NWNLS28ZG37,false,true,false,Premium,-/9NWNLS28ZG37,
Quantum Break,BPNDKQN84N6L,true,true,true,Premium,-/BPNDKQN84N6L,
Quarantine Zone: The Last Check,9P9446P7D9TZ,true,true,true,Premium,-/9P9446P7D9TZ,
Rabbids Invasion : The Interactive TV Show,BXZ0JDCPRV6C,true,false,false,Ubisoft+ Classics,-/BXZ0JDCPRV6C,
Rabbids®: Party of Legends,9PLF73SS7M6J,true,true,true,Ubisoft+ Classics,-/9PLF73SS7M6J,
RAGE,BR27BSZ2M3SR,true,false,true,Premium,-/BR27BSZ2M3SR,
RAGE 2,C2DCJ95ZXBMS,true,false,true,Premium,-/C2DCJ95ZXBMS,
RAGE 2 (PC),9P2J7WHV0K4N,false,true,false,Premium,-/9P2J7WHV0K4N,
Rare Replay,C22T53SQ7FLM,true,false,false,Premium,-/C22T53SQ7FLM,
Rayman Legends,C26K4DVGR45B,true,false,true,Ubisoft+ Classics,-/C26K4DVGR45B,
RAYMAN LEGENDS,9NQ4M2DG11L0,false,true,false,Ubisoft+ Classics,-/9NQ4M2DG11L0,
ReCore,9NBLGGH1Z6FQ,true,true,true,Premium,-/9NBLGGH1Z6FQ,
Redfall,9P8JRMWRQP4H,true,true,true,Premium,-/9P8JRMWRQP4H,
Relic Hunters Legend,9P81K2C8RBF4,true,true,true,Premium,-/9P81K2C8RBF4,
Relooted,9PPP5344B3LS,true,true,true,Premium,-/9PPP5344B3LS,
REMATCH,9N5K7HWXL4Q6,true,true,true,Premium,-/9N5K7HWXL4Q6,
Remnant II® - Standard Edition,9P9278ZMGQLJ,true,true,true,Premium,-/9P9278ZMGQLJ,
REPLACED,9NV3L234VGXD,true,true,true,Ultimate Exclusive,-/9NV3L234VGXD,
RESIDENT EVIL 2,BWMH951M3G3P,true,true,true,Premium,-/BWMH951M3G3P,
RESIDENT EVIL 3 for Windows,9P7T44TTDL7M,false,true,false,Premium,-/9P7T44TTDL7M,
RESIDENT EVIL 3 for Xbox,BW3T6SNS15BH,true,false,true,Premium,-/BW3T6SNS15BH,
RESIDENT EVIL 7 biohazard,BVFDTJ1XF6CS,true,true,true,Premium,-/BVFDTJ1XF6CS,
Resident Evil Village,9N2S04LGXXH4,true,true,false,Premium,-/9N2S04LGXXH4,
Resonance: A Plague Tale Legacy,9PPBNCXP0096,true,true,true,Ultimate Exclusive,-/9PPBNCXP0096,2026-08-27
Retro Classics,9MTVJ3HHTQGS,true,true,true,Premium,-/9MTVJ3HHTQGS,
Return to Castle Wolfenstein,9N1WT4X26SHW,false,true,false,Premium,-/9N1WT4X26SHW,
Riders Republic Standard Edition,9NZ4T5RFD7KF,false,true,false,Premium,-/9NZ4T5RFD7KF,
Riders Republic™,9P1RPXHWZ1C7,true,false,true,Premium,-/9P1RPXHWZ1C7,
Rise of Nations: Extended Edition,9NS84HCWZD8B,false,true,false,Premium,-/9NS84HCWZD8B,
Risk: Urban Assault,BTDRTXBKDBRR,true,false,true,Ubisoft+ Classics,-/BTDRTXBKDBRR,
RoadCraft,9N4J937WLFPZ,true,true,true,Premium,-/9N4J937WLFPZ,
Roadside Research (Game Preview),9PFNXM9G4N83,true,true,true,Ultimate Exclusive,-/9PFNXM9G4N83,
RoboCop: Rogue City,9PKF2LDFPXTN,true,true,true,Premium,-/9PKF2LDFPXTN,
Roboquest,9P47S7NJGWZL,true,true,true,Premium,-/9P47S7NJGWZL,
Rocket League®,C125W9BG2K0V,true,false,false,Ultimate Exclusive,-/C125W9BG2K0V,
ROUTINE,9PCJT6TLCGGV,true,true,true,Ultimate Exclusive,-/9PCJT6TLCGGV,
Rush: A DisneyPixar Adventure,9P3PL76N0KWZ,true,true,true,Premium,-/9P3PL76N0KWZ,
RV There Yet?,9MW79BJVF3QX,true,true,true,Premium,-/9MW79BJVF3QX,
Ryse: Legendary Edition,C4F7ZHLN6B2J,true,false,true,Premium,-/C4F7ZHLN6B2J,
Sandustry (Game Preview),9PPH71DV44T7,false,true,false,Ultimate Exclusive,-/9PPH71DV44T7,2026-08-14
ScreamRide,BQ4M1XWXFKHB,true,false,true,Premium,-/BQ4M1XWXFKHB,
Sea of Solitude,C4060P46HH4D,true,true,false,EA Play,-/C4060P46HH4D,
Sea of Thieves: 2026 Edition,9P2N57MC619K,true,true,true,Premium,-/9P2N57MC619K,
Shadowrun Returns,9N6PHQ93Z451,true,false,true,Essential,-/9N6PHQ93Z451,
Shadowrun Returns PC,9NF0RBL8SZL6,false,true,false,Essential,-/9NF0RBL8SZL6,
Shadowrun: Dragonfall - Director's Cut,9PKJTP6DTND3,true,false,true,Essential,-/9PKJTP6DTND3,
Shadowrun: Dragonfall - Director's Cut PC,9NMCRMS6WN78,false,true,false,Essential,-/9NMCRMS6WN78,
Shadowrun: Hong Kong - Extended Edition,9N7V5R3VLMJZ,true,false,true,Essential,-/9N7V5R3VLMJZ,
Shadowrun: Hong Kong - Extended Edition PC,9NK2DT3K7DTF,false,true,false,Essential,-/9NK2DT3K7DTF,
Shift At Midnight,9N0WDPMXNHWN,true,true,true,Ultimate Exclusive,-/9N0WDPMXNHWN,
Sid Meier's Alpha Centauri™ Planetary Pack,9NDLJ3HM721L,false,true,false,EA Play,-/9NDLJ3HM721L,
Sifu,9P7PF6ZP3958,true,true,true,Premium,-/9P7PF6ZP3958,
Sim City 3000™ Unlimited,9PMZ9LB06T8D,false,true,false,EA Play,-/9PMZ9LB06T8D,
SimCity 2000™ Special Edition,9NFZSND3LPPN,false,true,false,EA Play,-/9NFZSND3LPPN,
SimCity™ 4 Deluxe Edition,9NGDQGHWZX13,false,true,false,EA Play,-/9NGDQGHWZX13,
SimCity™: Complete Edition,9NHMC3SJBGZK,false,true,false,EA Play,-/9NHMC3SJBGZK,
Skate 3,BNKDKQXMXRR2,true,false,true,EA Play,-/BNKDKQXMXRR2,
skate. (2007),C3QWNCV55VLL,true,false,true,EA Play,-/C3QWNCV55VLL,
Skull and Bones,BXF9VWKCD6QW,true,true,true,Ubisoft+ Classics,-/BXF9VWKCD6QW,
Sledding Game,9N9C1TB18R3B,true,true,true,Ultimate Exclusive,-/9N9C1TB18R3B,
SMITE 2 (Game Preview),9NV8W1KJSQLL,true,true,true,Premium,-/9NV8W1KJSQLL,
SnowRunner,9PNRSC0J6DT8,true,false,true,Essential,-/9PNRSC0J6DT8,
SnowRunner - Windows,9NP6WL1XQDBW,false,true,false,Essential,-/9NP6WL1XQDBW,
Solarpunk,9N8BRH7PGJMJ,true,true,true,Ultimate Exclusive,-/9N8BRH7PGJMJ,
SOPA - Tale of the Stolen Potato,9N221ZTFGQB0,true,true,true,Premium,-/9N221ZTFGQB0,
South of Midnight,9NJCVGS6T30K,true,true,true,Premium,-/9NJCVGS6T30K,
South Park: The Stick of Truth,9NQ26CN8MZ1R,false,true,false,Ubisoft+ Classics,-/9NQ26CN8MZ1R,
South Park™: The Fractured but Whole™,C4VLMWJWM7BG,true,true,true,Premium,-/C4VLMWJWM7BG,
South Park™: The Stick of Truth ™,C0QDQ0KX4HDV,true,false,true,Ubisoft+ Classics,-/C0QDQ0KX4HDV,
Spiritfarer®: Farewell Edition,9NG5L58FD3X5,true,true,true,Essential,-/9NG5L58FD3X5,
SpongeBob SquarePants™: The Patrick Star Game,9NMF3KXT4P4G,true,true,true,Premium,-/9NMF3KXT4P4G,
SPORE™,9P6ZKL905TMT,false,true,false,EA Play,-/9P6ZKL905TMT,
Spyro™ Reignited Trilogy,BWHFZNSL0PB5,true,true,true,Premium,-/BWHFZNSL0PB5,
SSX,BWK0Q0RQMH7V,true,false,false,EA Play,-/BWK0Q0RQMH7V,
Stacking,C042M8GWKS34,true,false,true,Essential,-/C042M8GWKS34,
Star Trucker,9MT19Q3CRMQZ,true,true,true,Premium,-/9MT19Q3CRMQZ,
STAR WARS Jedi: Fallen Order™,C2CSDTSCBZ0C,true,true,true,EA Play,-/C2CSDTSCBZ0C,
STAR WARS Jedi: Survivor™,9PGC82V0DXFS,true,true,true,EA Play,-/9PGC82V0DXFS,
STAR WARS Jedi: Survivor™ Xbox One,9PLRP6PHV6XP,true,false,false,EA Play,-/9PLRP6PHV6XP,
Star Wars Outlaws,9NLHVWSFB0FC,true,true,true,Ubisoft+ Classics,-/9NLHVWSFB0FC,
STAR WARS™ Battlefront™,BRXTM276DLPR,true,false,false,EA Play,-/BRXTM276DLPR,
STAR WARS™ Battlefront™ II,C0GWTPD0S8S1,true,false,true,EA Play,-/C0GWTPD0S8S1,
STAR WARS™ Battlefront™ II: Celebration Edition,9MXJZGJC7BJC,false,true,false,EA Play,-/9MXJZGJC7BJC,
STAR WARS™ Battlefront™ Ultimate Edition,9P5MMCTL8MFX,false,true,false,EA Play,-/9P5MMCTL8MFX,
STAR WARS™: Squadrons,BV9CWVQWNS4P,true,true,true,EA Play,-/BV9CWVQWNS4P,
StarCraft® II Campaign Collection,9PB7921QZ087,false,true,false,Premium,-/9PB7921QZ087,
StarCraft® Remastered,9N2GWLMCHJTN,false,true,false,Premium,-/9N2GWLMCHJTN,
Stardew Valley,C3D891Z6TNQM,true,true,true,Essential,-/C3D891Z6TNQM,
Starfield,9NCJSXWZTP88,true,true,true,Premium,-/9NCJSXWZTP88,
Starlink: Battle for Atlas™,BT3KQ8HLLZ6K,true,true,true,Ubisoft+ Classics,-/BT3KQ8HLLZ6K,
Starsand Island,9P86LLDCL5CC,true,true,true,Premium,-/9P86LLDCL5CC,
STARSEEKER: Astroneer Expeditions (Game Preview),9NTZH69PZSH0,true,true,true,Ultimate Exclusive,-/9NTZH69PZSH0,
State of Decay 2: Juggernaut Edition,9NT4X7P8B9NB,true,true,true,Essential,-/9NT4X7P8B9NB,
State of Decay: Year-One,C5JGRR1LFVW8,true,false,true,Premium,-/C5JGRR1LFVW8,
STEEP,C350VBGGCL6P,true,true,true,Ubisoft+ Classics,-/C350VBGGCL6P,
Subnautica 2 (Game Preview),9PJPCB188SVG,true,true,true,Ultimate Exclusive,-/9PJPCB188SVG,
Sunset Overdrive,BRZHFR5XBLQS,true,true,true,Premium,-/BRZHFR5XBLQS,
Super Lucky's Tale,9PLMGFWCFZ9G,true,true,true,Premium,-/9PLMGFWCFZ9G,
Super Meat Boy 3D,9NJ67TQQ51Z0,true,true,true,Ultimate Exclusive,-/9NJ67TQQ51Z0,
Super Mega Baseball 3,9NP6V9LFVJ87,true,true,true,EA Play,-/9NP6V9LFVJ87,
Super Mega Baseball™ 4,9N93V5M3TG4N,true,true,true,EA Play,-/9N93V5M3TG4N,
Superball,9N4M72L6KGC8,true,true,true,Premium,-/9N4M72L6KGC8,
SUPERHOT: MIND CONTROL DELETE,9NRH78B682L8,true,true,true,Essential,-/9NRH78B682L8,
Superliminal,9NVR4ZQKNBSB,true,true,true,Essential,-/9NVR4ZQKNBSB,
Supermarket Simulator,9NR0GCBSLDW4,true,true,true,Premium,-/9NR0GCBSLDW4,
SWORN,9MWDJRQ1BXTC,true,true,true,Premium,-/9MWDJRQ1BXTC,
Symphonia 𝄞,9NBLHDB0WLHZ,true,true,true,Premium,-/9NBLHDB0WLHZ,
Tales of Kenzera™: ZAU,9NNNMBXFFG4W,true,true,true,EA Play,-/9NNNMBXFFG4W,
Tamashika,9P43RGDPJ62T,true,true,true,Premium,-/9P43RGDPJ62T,
TCG Card Shop Simulator (Game Preview),9P9GX5D8H9DW,true,true,false,Premium,-/9P9GX5D8H9DW,
Teamfight Tactics,9N464X6CT772,false,true,false,Premium,-/9N464X6CT772,
Tears of Metal (Game Preview),9PN8M16GG8M4,false,true,false,Ultimate Exclusive,-/9PN8M16GG8M4,
Tell Me Why: Chapters 1-3,9NF83PRZK6K3,true,true,true,Premium,-/9NF83PRZK6K3,
Tempopo,9P6X0VL8BXZF,true,true,true,Premium,-/9P6X0VL8BXZF,
Terminull Brigade™,9MW1V43D3VZN,true,true,true,Premium,-/9MW1V43D3VZN,
Terraria,BTNPS60N3114,true,false,true,Premium,-/BTNPS60N3114,
TerraTech Legion,9NG66K0Z31LH,true,true,true,Ultimate Exclusive,-/9NG66K0Z31LH,
The Alters,9N0P25WJHM8C,true,true,true,Premium,-/9N0P25WJHM8C,
The Bard's Tale ARPG : Remastered and Resnarkled,9PN3VDFTB5HZ,true,true,true,Premium,-/9PN3VDFTB5HZ,
The Bard's Tale IV: Director's Cut,C2B4T86TXLRS,true,true,true,Premium,-/C2B4T86TXLRS,
The Bard's Tale Trilogy,9MVN4ND41DD3,true,true,true,Essential,-/9MVN4ND41DD3,
The Casting of Frank Stone™,9PG0PMB5Q0GT,true,true,true,Premium,-/9PG0PMB5Q0GT,
The Cave,BTBWBGKPKS97,true,false,true,Premium,-/BTBWBGKPKS97,
The Crew Motorfest,9NC4PV16GVT1,false,true,false,Ubisoft+ Classics,-/9NC4PV16GVT1,
The Crew Motorfest - Xbox One,9PB5JN044BHZ,true,false,true,Ubisoft+ Classics,-/9PB5JN044BHZ,
The Crew Motorfest - Xbox Series X|S,9NTB0ZG811GR,true,false,true,Ubisoft+ Classics,-/9NTB0ZG811GR,
The Crew® 2,BV05F8VT7JJ4,true,true,true,Ubisoft+ Classics,-/BV05F8VT7JJ4,
The Elder Scrolls Adventures: Redguard,9PFXKRLVWJ0B,false,true,false,Premium,-/9PFXKRLVWJ0B,
The Elder Scrolls III: Morrowind,BXVCFBJBNS17,true,false,true,Premium,-/BXVCFBJBNS17,
The Elder Scrolls III: Morrowind Game of the Year Edition (PC),9PP7XSG5LDH1,false,true,false,Premium,-/9PP7XSG5LDH1,
The Elder Scrolls IV: Oblivion,C5K89TFLSV19,true,false,true,Premium,-/C5K89TFLSV19,
The Elder Scrolls IV: Oblivion Game of the Year Edition (PC) – 2009,9P2J5D12GJL5,false,true,false,Premium,-/9P2J5D12GJL5,
The Elder Scrolls IV: Oblivion Remastered,9NQR437K7PQH,true,true,true,Premium,-/9NQR437K7PQH,
The Elder Scrolls Online: Standard Edition,BRKX5CRMRTC2,true,true,true,Essential,-/BRKX5CRMRTC2,
The Elder Scrolls V: Skyrim Special Edition,BQ1W1T1FC14W,true,false,true,Premium,-/BQ1W1T1FC14W,
The Elder Scrolls V: Skyrim Special Edition (PC),9P03JGQ4S1GC,false,true,false,Premium,-/9P03JGQ4S1GC,
The Evil Within,C2M8HBNVPT1T,true,false,true,Premium,-/C2M8HBNVPT1T,
The Evil Within (PC),9MX8R81JW1B5,false,true,false,Premium,-/9MX8R81JW1B5,
The Evil Within® 2,C40860J5R2MP,true,false,true,Premium,-/C40860J5R2MP,
The Evil Within® 2 (PC),9NT0NT8JQMQN,false,true,false,Premium,-/9NT0NT8JQMQN,
THE FINALS,9PGD71CMDS0Z,true,true,true,Premium,-/9PGD71CMDS0Z,
The First Descendant,9P8FBXKMCLWC,true,true,true,Premium,-/9P8FBXKMCLWC,
The Gunk,9P008L2LS87F,true,true,true,Premium,-/9P008L2LS87F,
The Long Dark,C41ZDFQ82M1G,true,true,true,Premium,-/C41ZDFQ82M1G,
The Outer Worlds,BVTKN6CQ8W5F,true,false,true,Premium,-/BVTKN6CQ8W5F,
The Outer Worlds 2,9P8RMKXRML7D,true,true,true,Ultimate Exclusive,-/9P8RMKXRML7D,
The Outer Worlds: Spacer's Choice Edition,9NM50L0DXX1W,true,false,true,Premium,-/9NM50L0DXX1W,
The Outer Worlds: Spacer’s Choice Edition,9NG2F1Q062VV,false,true,false,Premium,-/9NG2F1Q062VV,
The Planet Crafter,9N072VV7MFK7,true,true,true,Premium,-/9N072VV7MFK7,
The Rogue Prince of Persia™,9P7M1VCXKQVD,true,true,true,Ultimate Exclusive,-/9P7M1VCXKQVD,
The Saboteur™,9PMVJR05PFJW,false,true,false,EA Play,-/9PMVJR05PFJW,
The Settlers: New Allies,9N10HHMXFFC5,false,true,false,Ubisoft+ Classics,-/9N10HHMXFFC5,
The Settlers®: New Allies,9NPGPDCXWJQ7,true,false,true,Ubisoft+ Classics,-/9NPGPDCXWJQ7,
The Sims™ 2 Legacy Collection,9N613NPQ9JJH,false,true,false,EA Play,-/9N613NPQ9JJH,
The Sims™ 3 Starter Pack,9N15KXND91S0,false,true,false,EA Play,-/9N15KXND91S0,
The Sims™ 4 EA Play Edition,9PLFD17M47K3,true,true,true,EA Play,-/9PLFD17M47K3,
The Sims™ Legacy Collection,9PDZ14P56XRD,false,true,false,EA Play,-/9PDZ14P56XRD,
The Talos Principle 2,9N7P8GVMF6SS,true,true,true,Premium,-/9N7P8GVMF6SS,
The Thaumaturge,9MZZZCHZ26NK,true,true,true,Premium,-/9MZZZCHZ26NK,
The Walking Dead: A New Frontier - The Complete Season (Episodes 1-5),BQR7QS0F8SJ3,true,false,true,Premium,-/BQR7QS0F8SJ3,
The Walking Dead: Michonne - The Complete Season,C2XNJC9WK15X,true,false,true,Premium,-/C2XNJC9WK15X,
The Walking Dead: Season Two,C2DQXX0CB42F,true,false,true,Premium,-/C2DQXX0CB42F,
The Walking Dead: The Complete First Season,BW6B077FCH11,true,false,true,Premium,-/BW6B077FCH11,
The Walking Dead: The Final Season - The Complete Season,C0VQBXFNZ1Q0,true,false,true,Premium,-/C0VQBXFNZ1Q0,
The Witcher 3: Wild Hunt – Complete Edition,C261457LCNMJ,true,false,true,Premium,-/C261457LCNMJ,
theHunter: Call of the Wild™,BXBJQ1932138,true,false,true,Premium,-/BXBJQ1932138,
theHunter: Call of the Wild™ - Windows 10,9NQV7C0G1040,false,true,false,Premium,-/9NQV7C0G1040,
Tiny Bookshop,9ND19JDMBS3R,true,true,true,Premium,-/9ND19JDMBS3R,
Titanfall® 2,C0X2HNVH08FB,true,false,false,EA Play,-/C0X2HNVH08FB,
Titanfall® 2: Ultimate Edition,9NDP79SDLLLH,false,true,false,EA Play,-/9NDP79SDLLLH,
to a T,9NM6NMBJ7ZK4,true,true,true,Premium,-/9NM6NMBJ7ZK4,
Tom Clancy's Ghost Recon Breakpoint,C3VVNLQQ54F8,true,false,true,Ubisoft+ Classics,-/C3VVNLQQ54F8,
Tom Clancy's Ghost Recon Wildlands,C2N9CS4FS1QR,true,false,true,Premium,-/C2N9CS4FS1QR,
Tom Clancy’s Ghost Recon Wildlands,9P85NL6T3DHP,false,true,false,Premium,-/9P85NL6T3DHP,
Tom Clancy's Ghost Recon® Breakpoint,9PKJ0532DTCW,false,true,false,Ubisoft+ Classics,-/9PKJ0532DTCW,
Tom Clancy's Rainbow Six Siege - Elite Edition,9PB3RHWXB9MR,true,false,true,Premium,-/9PB3RHWXB9MR,
Tom Clancy’s Rainbow Six® Extraction,BXRB4ZH2GJHK,true,true,true,Ubisoft+ Classics,-/BXRB4ZH2GJHK,
Tom Clancy's Rainbow Six® Siege - Elite Edition,9NCZ8W65H33V,false,true,false,Premium,-/9NCZ8W65H33V,
Tom Clancy's The Division,9NDJPHS21XXG,false,true,false,Ubisoft+ Classics,-/9NDJPHS21XXG,
Tom Clancy’s The Division,BRGPD72KHM3Q,true,false,true,Ubisoft+ Classics,-/BRGPD72KHM3Q,
Tom Clancy’s The Division 2,BVQ3V30ZXVT5,true,true,true,Premium,-/BVQ3V30ZXVT5,
Tony Hawk's™ Pro Skater™ 3 + 4 - Cross-Gen Edition,9N926481VT1Z,true,true,true,Premium,-/9N926481VT1Z,
Torment: Tides of Numenera,BQND4NQXFFV2,true,true,true,Premium,-/BQND4NQXFFV2,
Total Chaos,9PHTX5QZ035T,true,true,true,Premium,-/9PHTX5QZ035T,
Totally Accurate Battle Simulator,9PC4RWP34M2D,true,true,true,Premium,-/9PC4RWP34M2D,
Totally Reliable Delivery Service,9NZG72SH3H4W,true,true,true,Essential,-/9NZG72SH3H4W,
Towerborne,9P7TLX79S7N7,true,true,true,Premium,-/9P7TLX79S7N7,
Trackmania Turbo,9N2SB04LKPFP,false,true,false,Ubisoft+ Classics,-/9N2SB04LKPFP,
Trackmania® Turbo,C3SQQG5Q6Z64,true,false,true,Ubisoft+ Classics,-/C3SQQG5Q6Z64,
Trailmakers,9NSFGM8J6MBJ,true,true,true,Premium,-/9NSFGM8J6MBJ,
Train Sim World® 5: Standard Edition,9N9FR8CSZP56,true,true,true,Premium,-/9N9FR8CSZP56,
Transference,9NKDZ44LZR2R,false,true,false,Ubisoft+ Classics,-/9NKDZ44LZR2R,2026-08-21
Transference™,C0RNBFHQ7X96,true,false,true,Ubisoft+ Classics,-/C0RNBFHQ7X96,
Trepang2,9NCDMPCPDTQF,true,true,true,Premium,-/9NCDMPCPDTQF,
Trials Fusion,BVCRSR6XSDW5,true,true,true,Ubisoft+ Classics,-/BVCRSR6XSDW5,
TRIALS of MANA,9NHMR19TS1M0,true,true,true,Premium,-/9NHMR19TS1M0,
Trials of the Blood Dragon,BPPR6D5C2GLF,true,false,true,Ubisoft+ Classics,-/BPPR6D5C2GLF,
TRIALS OF THE BLOOD DRAGON,9PG0ZSTFBL1T,false,true,false,Ubisoft+ Classics,-/9PG0ZSTFBL1T,
Trials Rising,9N3F9256SF8K,false,true,false,Ubisoft+ Classics,-/9N3F9256SF8K,
Trials® Rising,BP6V6QZBMFP0,true,false,true,Ubisoft+ Classics,-/BP6V6QZBMFP0,
TUNIC,9NLRT31Z4RWM,true,true,true,Essential,-/9NLRT31Z4RWM,
UFC® 4,BPBV3PCB0X44,true,false,false,EA Play,-/BPBV3PCB0X44,
UFC® 5,9NH8K4B707H0,true,false,true,EA Play,-/9NH8K4B707H0,
Ultimate Sheep Raccoon,9P1H8K2V0NNP,true,true,true,Ultimate Exclusive,-/9P1H8K2V0NNP,
Undisputed,9NQ6Z171XZX8,true,true,true,Premium,-/9NQ6Z171XZX8,
UNO®,9NWS5S7ZGD9T,false,true,false,Ubisoft+ Classics,-/9NWS5S7ZGD9T,
UNO™,BNSDHDK45KBR,true,false,true,Ubisoft+ Classics,-/BNSDHDK45KBR,
Unravel,C11KKHB5H7QJ,true,true,false,EA Play,-/C11KKHB5H7QJ,
Unravel Two,C4VKLMG1HLZW,true,true,true,EA Play,-/C4VKLMG1HLZW,
Valiant Hearts: The Great War,C0X15TR4NP0B,true,true,true,Ubisoft+ Classics,-/C0X15TR4NP0B,
VALORANT,9N1NLJK9SKRN,true,false,false,Premium,-/9N1NLJK9SKRN,
VALORANT PC,9NKCCHCFTHV2,false,true,false,Premium,-/9NKCCHCFTHV2,
Vampire Crawlers: The Turbo Wildcard from Vampire Survivors,9NMPVJ7TCFD0,true,true,true,Ultimate Exclusive,-/9NMPVJ7TCFD0,
Vampire Survivors,9PD5BM2Z8C4L,true,true,true,Essential,-/9PD5BM2Z8C4L,
Vapor World: Over The Mind (Game Preview),9N5VHX8KMVNV,true,true,true,Ultimate Exclusive,-/9N5VHX8KMVNV,2026-08-19
Visions of Mana,9NJ5WV40PD08,true,true,true,Premium,-/9NJ5WV40PD08,
Viva Piñata,BSXSL6WBJ0V7,true,false,true,Premium,-/BSXSL6WBJ0V7,
Viva Piñata: TIP,BS1NPTPJGD4G,true,false,true,Premium,-/BS1NPTPJGD4G,
VOID/BREAKER (Game Preview),9N9K5QP9G3GL,false,true,false,Ultimate Exclusive,-/9N9K5QP9G3GL,
Voidtrain,9NQMVR9WL9FW,true,true,true,Premium,-/9NQMVR9WL9FW,
War Thunder,BX1DTCBD1HXJ,true,true,true,Premium,-/BX1DTCBD1HXJ,
Warcraft® I: Remastered,9PK7TLLPD7GV,false,true,false,Premium,-/9PK7TLLPD7GV,
Warcraft® II: Remastered,9NM7J25GMDHP,false,true,false,Premium,-/9NM7J25GMDHP,
Warcraft® III: Reforged,9NWB9PL1L2PQ,false,true,false,Premium,-/9NWB9PL1L2PQ,
"Warhammer 40,000: Darktide",9NT3WC6RKBVQ,true,true,true,Essential,-/9NT3WC6RKBVQ,
"Warhammer 40,000: Rogue Trader",9P30BFHZ1BKN,true,true,true,Premium,-/9P30BFHZ1BKN,
"Warhammer 40,000: Space Marine 2",9N9PCZWHVP2L,true,true,true,Premium,-/9N9PCZWHVP2L,
Warhammer: Vermintide 2,BXZWT67JBZJH,true,false,true,Essential,-/BXZWT67JBZJH,
Wartales,9NWQ686JB33G,true,true,true,Premium,-/9NWQ686JB33G,
Wasteland 2: Director's Cut,C521HDXRTS7F,true,true,true,Premium,-/C521HDXRTS7F,
Wasteland 3,BQ9T0JF0D3L4,true,false,true,Premium,-/BQ9T0JF0D3L4,
Wasteland 3 (PC),9NLT5XR52ZS7,false,true,false,Premium,-/9NLT5XR52ZS7,
Wasteland Remastered,9NGH1FK0RJGL,true,true,true,Premium,-/9NGH1FK0RJGL,
Watch Dogs®: Legion,C1WRX8ZD77M9,true,true,true,Premium,-/C1WRX8ZD77M9,
Watch Dogs®2,BSXLFN5QQZSC,true,true,true,Premium,-/BSXLFN5QQZSC,
WATCH_DOGS,9P76M1N37K6K,false,true,false,Ubisoft+ Classics,-/9P76M1N37K6K,
WATCH_DOGS™,C4DMGRPNSHXG,true,false,true,Ubisoft+ Classics,-/C4DMGRPNSHXG,
We Happy Few,BPR2TBS2KMQJ,true,true,true,Premium,-/BPR2TBS2KMQJ,
Wheel Of Fortune®,BR76VBTV0NK0,true,false,false,Ubisoft+ Classics,-/BR76VBTV0NK0,
Wheel World,9NGCFDHR2MV3,true,true,true,Premium,-/9NGCFDHR2MV3,
Where Winds Meet,9N76QGDS5GJR,true,true,true,Premium,-/9N76QGDS5GJR,
WILD HEARTS™,9NFT3TR6MN9W,false,true,false,EA Play,-/9NFT3TR6MN9W,
WILD HEARTS™ Standard Edition,9NTFPTBXDDT3,true,false,true,EA Play,-/9NTFPTBXDDT3,
Wildgate,9N6VS1BMZ3BW,true,true,true,Premium,-/9N6VS1BMZ3BW,
Winds of Arcana: Ruination,9P1ZW5K4S44V,true,true,true,Premium,-/9P1ZW5K4S44V,
Winter Burrow,9ND3HTTQ0GKB,true,true,true,Premium,-/9ND3HTTQ0GKB,
Wo Long: Fallen Dynasty,9N9X9PC8V9CP,true,true,true,Premium,-/9N9X9PC8V9CP,
Wobbly Life,9NS86BQ33SPX,true,true,true,Premium,-/9NS86BQ33SPX,
Wolfenstein 3D,BSXDD75Q561F,true,true,true,Premium,-/BSXDD75Q561F,2026-08-12
Wolfenstein II: Standard Edition,9NDBKK9G0FHL,false,true,false,Premium,-/9NDBKK9G0FHL,
Wolfenstein: The New Order,BT9FFLG51VVG,true,false,true,Premium,-/BT9FFLG51VVG,
Wolfenstein: The New Order (PC),9P75CBJ9WT9W,false,true,false,Premium,-/9P75CBJ9WT9W,
Wolfenstein: The Old Blood,BPV4GXTDCNSH,true,false,true,Premium,-/BPV4GXTDCNSH,
Wolfenstein: The Old Blood (PC),9PBB4QHMSDKR,false,true,false,Premium,-/9PBB4QHMSDKR,
Wolfenstein: Youngblood,C421ZX7RCG0W,true,false,true,Premium,-/C421ZX7RCG0W,
Wolfenstein: Youngblood (PC),9PHFTS44F99K,false,true,false,Premium,-/9PHFTS44F99K,
Wolfenstein® II: The New Colossus™,C4LLMHFQ1BXQ,true,false,true,Premium,-/C4LLMHFQ1BXQ,
World of Tanks Modern Armor,C57L9GR0HHB7,true,false,true,Premium,-/C57L9GR0HHB7,
World of Tanks: HEAT,9N11JM7F5CXK,true,true,true,Premium,-/9N11JM7F5CXK,
World of Warships,9NK9K07FDPJV,false,true,false,Premium,-/9NK9K07FDPJV,
World of Warships: Legends,C1ZT6N30L1WH,true,true,true,Premium,-/C1ZT6N30L1WH,
World War Z: Aftermath,9PLCL2VB2SC0,true,true,true,Essential,-/9PLCL2VB2SC0,
Wreckfest,BRJNRZ9N734V,true,true,true,Essential,-/BRJNRZ9N734V,
WUCHANG: Fallen Feathers,9NPRHD8GQKQS,true,true,true,Premium,-/9NPRHD8GQKQS,
Wuthering Waves,9P41GS5W1C6L,true,true,true,Premium,-/9P41GS5W1C6L,
Young Suns (Game Preview),9N3KQH8183GD,true,true,true,Ultimate Exclusive,-/9N3KQH8183GD,
Zenless Zone Zero,9N4X0WFZ2STM,true,true,true,Premium,-/9N4X0WFZ2STM,
ZOMBI,BR03N9C6Z9G6,true,true,true,Ubisoft+ Classics,-/BR03N9C6Z9G6,
Zombie Army 4: Dead War,9PLSCHRN5715,true,true,true,Premium,-/9PLSCHRN5715,
Zoo Tycoon: Ultimate Animal Collection,9PJ06TZX4NMH,true,true,true,Premium,-/9PJ06TZX4NMH,
Zuma,C4SG06H48738,true,false,false,EA Play,-/C4SG06H48738,
Zuma's Revenge!,BR9MPWXFBCRC,true,false,false,EA Play,-/BR9MPWXFBCRC,
